complex_id,name,district,dong,households,built_ymd,min_area_m2,max_area_m2,min_price_manwon,max_price_manwon,sale_count,lat,lng,url
12616,LG개포자이,강남구,개포동,212,200406,160.71,204.52,298500,325000,35,37.4964371,127.0771151,https://kbland.kr/c/12616
489992,YH빌리지,강남구,개포동,16,201709,33.02,36.32,,,0,37.4782472,127.0466702,https://kbland.kr/c/489992
141,개포6차우성,강남구,개포동,270,198802,61.32,86.52,215000,295000,9,37.4762762,127.0568592,https://kbland.kr/c/141
150,개포더샵트리에,강남구,개포동,232,202112,132.23,135.57,287500,287500,22,37.4848948,127.0572249,https://kbland.kr/c/150
39203,개포래미안포레스트,강남구,개포동,2296,202009,74.31,174.19,231667,396000,520,37.4784483,127.0540313,https://kbland.kr/c/39203
351699,개포비버리하임(도),강남구,개포동,29,201811,28.54,66.23,,,0,37.4745546,127.0494115,https://kbland.kr/c/351699
28654,개포상지리츠빌,강남구,개포동,18,200303,178.74,240.58,300000,300000,0,37.4872571,127.0601988,https://kbland.kr/c/28654
435295,개포자이르네,강남구,개포동,28,202210,71.89,158.90,134300,265100,9,37.4786543,127.0552322,https://kbland.kr/c/435295
48042,개포자이프레지던스,강남구,개포동,3375,202303,59.86,243.78,202500,477500,509,37.4851048,127.0716051,https://kbland.kr/c/48042
136,개포주공5단지.,강남구,개포동,940,198310,75.33,116.04,330000,400000,48,37.4877875,127.0680057,https://kbland.kr/c/136
144,개포주공6단지.,강남구,개포동,1060,198310,68.43,107.31,300000,377500,139,37.4886449,127.0704715,https://kbland.kr/c/144
145,개포주공7단지.,강남구,개포동,900,198310,73.43,114.72,297250,375000,134,37.4895613,127.0724164,https://kbland.kr/c/145
151,개포현대,강남구,개포동,18,199401,148.38,148.38,205200,205200,2,37.4843187,127.0600773,https://kbland.kr/c/151
25258,개포현대(200동),강남구,개포동,72,198607,101.55,101.55,250000,250000,0,37.4817719,127.0525788,https://kbland.kr/c/25258
154,개포현대6차,강남구,개포동,19,199209,116.85,154.77,134900,172200,0,37.4797585,127.0460042,https://kbland.kr/c/154
36392,경남,강남구,개포동,678,198403,97.92,198.33,298333,463333,166,37.4848795,127.0542247,https://kbland.kr/c/36392
722556,노블레스빌(도),강남구,개포동,14,201805,33.60,53.27,,,0,37.4748493,127.0486246,https://kbland.kr/c/722556
38578,뉴현대파크빌,강남구,개포동,10,200105,79.61,96.08,78700,95700,0,37.474809,127.0548178,https://kbland.kr/c/38578
148,대청,강남구,개포동,822,199210,56.50,81.67,175000,226667,96,37.4950765,127.0771205,https://kbland.kr/c/148
128,대치,강남구,개포동,1758,199210,46.73,69.96,150000,204333,130,37.4946583,127.0754859,https://kbland.kr/c/128
1090438,대치푸르지오발라드(도시형),강남구,개포동,78,202401,52.36,166.16,,,20,37.4872349,127.0605109,https://kbland.kr/c/1090438
155,더샵그린.,강남구,개포동,19,199609,214.21,258.84,191600,291800,0,37.4733003,127.0523692,https://kbland.kr/c/155
33681,디에이치아너힐즈,강남구,개포동,1320,201908,67.54,202.81,216000,490000,158,37.4846579,127.0672482,https://kbland.kr/c/33681
50176,디에이치퍼스티어아이파크,강남구,개포동,6702,202312,50.73,230.69,155000,540000,589,37.4803926,127.0570993,https://kbland.kr/c/50176
1077779,라온(도).,강남구,개포동,10,201509,47.76,57.18,,,0,37.47253,127.0509833,https://kbland.kr/c/1077779
32909,래미안블레스티지,강남구,개포동,1957,201902,67.77,249.51,235000,445000,634,37.4810583,127.0641781,https://kbland.kr/c/32909
491390,런던빌개포,강남구,개포동,15,202111,28.60,40.61,,,0,37.4749515,127.047937,https://kbland.kr/c/491390
1028526,롯데빌리지,강남구,개포동,12,199109,,,,,0,37.4764629,127.048803,https://kbland.kr/c/1028526
24683,리더스.,강남구,개포동,10,200212,92.57,94.36,95400,100200,0,37.4744663,127.054806,https://kbland.kr/c/24683
149,쌍용개포,강남구,개포동,16,199503,162.94,166.54,,,5,37.4811272,127.0530845,https://kbland.kr/c/149
662543,예가풍경채(도),강남구,개포동,14,201902,32.35,63.79,,,0,37.4771222,127.049481,https://kbland.kr/c/662543
140,우성(3차),강남구,개포동,405,198412,110.60,182.45,300000,417500,149,37.4839980,127.0560107,https://kbland.kr/c/140
142,우성(8차),강남구,개포동,261,198709,98.87,109.35,261000,261000,48,37.4881474,127.0622456,https://kbland.kr/c/142
19930,우찬현대(101),강남구,개포동,15,200606,65.21,156.31,79100,158500,0,37.4794705,127.0487524,https://kbland.kr/c/19930
24384,우찬현대(102),강남구,개포동,10,200606,71.89,152.26,78600,168900,2,37.4795182,127.0490797,https://kbland.kr/c/24384
24385,우찬현대(103),강남구,개포동,10,200606,71.89,152.26,90200,157400,0,37.4795056,127.0486276,https://kbland.kr/c/24385
152,잠실전화국주택조합(220동),강남구,개포동,54,198809,98.54,98.54,245000,245000,10,37.4812145,127.0527329,https://kbland.kr/c/152
2308405,키스톤하우스(도시형),강남구,개포동,10,201411,54.78,56.59,,,0,37.4767654,127.0481933,https://kbland.kr/c/2308405
21247,포이동새롬,강남구,개포동,41,200007,48.87,82.85,78000,120200,0,37.4732596,127.0529011,https://kbland.kr/c/21247
30782,포이벨리,강남구,개포동,10,200112,98.30,98.30,107400,107400,0,37.4746202,127.0551564,https://kbland.kr/c/30782
153,포이현대빌라트,강남구,개포동,14,199712,174.05,194.46,169600,176800,0,37.4740588,127.0536937,https://kbland.kr/c/153
33582,한림,강남구,개포동,12,200203,82.57,82.57,97200,97200,1,37.473981,127.0540958,https://kbland.kr/c/33582
146,현대(1차),강남구,개포동,416,198404,102.73,193.80,310000,431667,58,37.4824268,127.0544701,https://kbland.kr/c/146
147,현대(2차),강남구,개포동,558,198601,105.78,195.17,317500,415000,78,37.4827959,127.0510508,https://kbland.kr/c/147
138,현대(3차),강남구,개포동,198,198604,105.86,198.26,275000,408000,54,37.4880142,127.0613540,https://kbland.kr/c/138
12,거평프리젠,강남구,논현동,113,199609,41.83,82.93,37250,50500,12,37.5063756,127.0276790,https://kbland.kr/c/12
3,경남논현,강남구,논현동,60,199609,79.97,153.41,130000,180000,7,37.5106499,127.038175,https://kbland.kr/c/3
26868,골든캐슬,강남구,논현동,7,200908,131.35,154.90,,,0,37.5196672,127.0388303,https://kbland.kr/c/26868
21507,그랑디오스,강남구,논현동,15,200409,100.59,163.69,123000,213800,0,37.5112476,127.0427955,https://kbland.kr/c/21507
311735,기린힐스(도시형),강남구,논현동,249,202010,26.20,33.34,,,0,37.512999,127.0308909,https://kbland.kr/c/311735
432976,꿈꾸지오(도),강남구,논현동,28,201903,26.28,38.37,,,0,37.5115809,127.0418223,https://kbland.kr/c/432976
2,논현(신동아),강남구,논현동,644,199707,52.92,140.50,134000,250000,36,37.5148869,127.0228742,https://kbland.kr/c/2
13563,논현e-편한세상,강남구,논현동,63,200507,109.11,166.40,145000,185000,3,37.5067481,127.0291559,https://kbland.kr/c/13563
25908,논현대우멤버스카운티,강남구,논현동,19,200412,150.45,153.85,,,0,37.5167205,127.0277823,https://kbland.kr/c/25908
342936,논현더라움,강남구,논현동,16,201903,31.77,34.34,,,0,37.5152164,127.0411987,https://kbland.kr/c/342936
20642,논현동2차한화꿈에그린아파트,강남구,논현동,46,200612,104.67,147.31,134600,163000,0,37.50757000,127.03082000,https://kbland.kr/c/20642
12337,논현동동부센트레빌,강남구,논현동,160,200312,106.82,136.29,225000,242500,14,37.5103503,127.0377169,https://kbland.kr/c/12337
12615,논현동양파라곤,강남구,논현동,203,200407,173.40,301.42,,,37,37.5148511,127.0382813,https://kbland.kr/c/12615
14802,논현동월드메르디앙,강남구,논현동,82,200703,94.26,144.50,155000,180000,0,37.5135899,127.0338973,https://kbland.kr/c/14802
12572,논현동한진로즈힐,강남구,논현동,81,200405,92.44,132.97,150000,205000,3,37.5208338,127.0371411,https://kbland.kr/c/12572
13425,논현동한화꿈에그린,강남구,논현동,70,200505,89.17,89.17,135000,135000,3,37.5070503,127.0308372,https://kbland.kr/c/13425
36289,논현두산위브(1단지),강남구,논현동,130,200406,107.81,140.87,210000,230000,13,37.5135862,127.038468,https://kbland.kr/c/36289
416789,논현두산위브(2단지),강남구,논현동,136,200406,87.65,135.37,155000,230000,11,37.5125703,127.0381409,https://kbland.kr/c/416789
28260,논현라폴리움,강남구,논현동,18,201208,491.26,540.18,,,14,37.5141079,127.0388451,https://kbland.kr/c/28260
29183,논현멤버스카운티,강남구,논현동,11,200310,120.27,124.88,,,0,37.5141873,127.0232679,https://kbland.kr/c/29183
9,논현베르빌,강남구,논현동,65,200212,130.84,227.23,140000,145000,7,37.5126710,127.0328119,https://kbland.kr/c/9
47302,논현빌라트.,강남구,논현동,10,199908,54.22,77.98,61900,86100,1,37.5192483,127.0399632,https://kbland.kr/c/47302
41818,논현아테나니케,강남구,논현동,12,200411,127.92,128.73,,,0,37.5150264,127.0269982,https://kbland.kr/c/41818
12227,논현아트빌,강남구,논현동,11,200305,80.87,126.42,92400,120400,3,37.5124230,127.0322382,https://kbland.kr/c/12227
20024,논현아펠바움1차,강남구,논현동,38,200801,277.91,311.20,,,6,37.5134173,127.0370328,https://kbland.kr/c/20024
25641,논현아펠바움2차,강남구,논현동,38,201109,281.22,317.73,,,31,37.5126417,127.0369410,https://kbland.kr/c/25641
1100359,논현알베로(도시형),강남구,논현동,14,201110,22.22,25.00,,,0,37.5086924,127.0248062,https://kbland.kr/c/1100359
30653,논현테크노빌,강남구,논현동,10,200307,117.86,203.67,,,7,37.5121666,127.0416752,https://kbland.kr/c/30653
341926,논현파크빌(도),강남구,논현동,27,201304,21.43,27.93,,,0,37.5106147,127.0238847,https://kbland.kr/c/341926
46134,"논현팰리스(민간임대,도시형)",강남구,논현동,39,201906,28.50,48.85,,,0,37.5070574,127.0281694,https://kbland.kr/c/46134
19954,논현프라임(192-3),강남구,논현동,19,200610,144.68,150.14,149400,157700,6,37.5081569,127.0328362,https://kbland.kr/c/19954
11,논현한가람,강남구,논현동,32,200211,102.67,169.38,167700,196500,3,37.51872000,127.03742000,https://kbland.kr/c/11
48405,논현힐스빌5차,강남구,논현동,7,200308,248.68,248.68,,,0,37.5174843,127.0278576,https://kbland.kr/c/48405
42842,논현힐스빌6차,강남구,논현동,4,200308,228.44,231.14,,,1,37.5175537,127.0275532,https://kbland.kr/c/42842
20326,더그레이스.,강남구,논현동,9,200304,106.35,112.89,,,0,37.5130154,127.0341648,https://kbland.kr/c/20326
34756,더클래식논현(도),강남구,논현동,14,201702,33.26,100.23,,,0,37.5137152,127.0228329,https://kbland.kr/c/34756
1110808,도산포도더블랙(도),강남구,논현동,26,202409,66.27,67.14,95000,95000,7,37.52059,127.0324425,https://kbland.kr/c/1110808
40809,동광팰리스(도),강남구,논현동,38,201605,29.26,45.50,,,0,37.5193314,127.0385189,https://kbland.kr/c/40809
1,동현,강남구,논현동,548,198610,102.47,175.38,275000,390000,26,37.5193800,127.0367525,https://kbland.kr/c/1
20606,두영,강남구,논현동,17,200404,94.52,97.81,98500,108600,3,37.5121719,127.0323772,https://kbland.kr/c/20606
38962,라디안,강남구,논현동,10,200403,77.70,129.86,103900,133600,4,37.5130911,127.0225203,https://kbland.kr/c/38962
29002,라이헤스빌,강남구,논현동,13,200211,74.60,118.81,89300,126700,0,37.5187562,127.0387176,https://kbland.kr/c/29002
23933,로체샤르캐슬,강남구,논현동,17,200903,99.40,125.69,120200,141800,7,37.5172548,127.0369156,https://kbland.kr/c/23933
433662,루시아도산208(도시형),강남구,논현동,55,202308,57.88,60.92,,,11,37.5196584,127.0294578,https://kbland.kr/c/433662
23382,리더스빌,강남구,논현동,19,200408,81.25,206.56,84100,103400,0,37.5082532,127.0324843,https://kbland.kr/c/23382
1089833,리안빌리지(도),강남구,논현동,24,201309,23.48,50.35,,,0,37.5062312,127.0267982,https://kbland.kr/c/1089833
38040,리츠하우스,강남구,논현동,12,200306,300.31,300.41,,,0,37.5144485,127.0250418,https://kbland.kr/c/38040
27780,마블하우스,강남구,논현동,12,200307,153.02,183.84,199800,201400,0,37.5123888,127.0424076,https://kbland.kr/c/27780
650102,베스티움(도).,강남구,논현동,15,201208,24.28,28.67,,,0,37.5105943,127.0342273,https://kbland.kr/c/650102
25520,벨루스빌.,강남구,논현동,10,200407,95.83,178.31,93300,198800,0,37.5129657,127.0226391,https://kbland.kr/c/25520
27323,보노체아(도).,강남구,논현동,22,201111,17.86,27.80,,,0,37.5081011,127.0315249,https://kbland.kr/c/27323
24649,브라운스톤로얄스위트논현,강남구,논현동,19,200503,249.11,266.39,314200,321100,4,37.5132948,127.0242976,https://kbland.kr/c/24649
649931,브라이튼N40,강남구,논현동,148,202206,102.10,299.79,,,113,37.514362,127.0265871,https://kbland.kr/c/649931
27620,비쥬힐,강남구,논현동,10,200310,87.53,141.26,104500,144100,9,37.5148338,127.0273657,https://kbland.kr/c/27620
27951,삼성빌라트,강남구,논현동,19,199810,121.01,172.68,125600,176900,2,37.5165426,127.0313592,https://kbland.kr/c/27951
722555,서진플로렌스190(도),강남구,논현동,19,201809,29.42,35.81,,,0,37.5084088,127.0311174,https://kbland.kr/c/722555
28385,스위트캐슬,강남구,논현동,16,200307,270.21,270.62,,,3,37.5164560,127.0284984,https://kbland.kr/c/28385
23924,스위트케슬레지던스,강남구,논현동,17,200412,122.16,241.39,155800,293000,0,37.5125345,127.0238890,https://kbland.kr/c/23924
25300,신동아,강남구,논현동,12,199612,226.56,262.29,247100,277000,1,37.5102396,127.0340875,https://kbland.kr/c/25300
4,쌍용,강남구,논현동,111,199607,83.17,117.82,124000,140000,5,37.5197160,127.0381849,https://kbland.kr/c/4
338436,아나하(도),강남구,논현동,16,202006,36.48,116.57,,,14,37.5142127,127.0368467,https://kbland.kr/c/338436
379148,아츠논현(도),강남구,논현동,24,202309,49.86,64.20,,,15,37.512201,127.0360292,https://kbland.kr/c/379148
29686,아크로힐스논현,강남구,논현동,368,201412,109.73,148.25,295000,347500,57,37.5095944,127.0389482,https://kbland.kr/c/29686
34395,알파임하우스Ⅱ,강남구,논현동,16,200205,257.91,257.91,,,1,37.5142559,127.0239344,https://kbland.kr/c/34395
506064,엔트라움논현(도),강남구,논현동,14,202112,35.38,53.56,,,0,37.5082686,127.0286192,https://kbland.kr/c/506064
15,예원베스트빌,강남구,논현동,8,200207,109.38,126.08,,,0,37.5091133,127.0351879,https://kbland.kr/c/15
425547,요진보네르,강남구,논현동,9,200306,102.11,186.88,,,0,37.5130543,127.0229623,https://kbland.kr/c/425547
379071,우림빌(도).,강남구,논현동,19,201308,16.36,26.71,,,0,37.507402,127.0293133,https://kbland.kr/c/379071
501194,우림스타빌(도),강남구,논현동,19,201604,26.30,52.75,,,0,37.5062279,127.0266089,https://kbland.kr/c/501194
8,우민,강남구,논현동,70,200207,99.54,105.80,136500,136500,7,37.51787000,127.03739000,https://kbland.kr/c/8
21403,우성,강남구,논현동,14,200408,81.56,122.78,87100,121400,5,37.5075773,127.0280819,https://kbland.kr/c/21403
10,월드노블레스빌,강남구,논현동,12,200110,142.17,195.72,,,0,37.5135375,127.0231407,https://kbland.kr/c/10
18812,월드쉐르빌,강남구,논현동,15,200306,49.80,99.48,78900,100100,0,37.5102842,127.0260931,https://kbland.kr/c/18812
18112,은탑리더스카운티,강남구,논현동,18,200308,77.00,182.69,124000,191600,2,37.5132915,127.0239017,https://kbland.kr/c/18112
25131,이산,강남구,논현동,11,201104,55.18,76.95,,,0,37.5071935,127.0307223,https://kbland.kr/c/25131
28362,이움.,강남구,논현동,10,200509,111.35,142.98,113000,163300,0,37.5092397,127.0341230,https://kbland.kr/c/28362
18308,제이빌,강남구,논현동,32,200401,43.08,113.06,44500,93800,5,37.5181183,127.0378321,https://kbland.kr/c/18308
20937,지고하임.,강남구,논현동,33,200405,71.86,91.74,96300,136400,0,37.5137133,127.0236926,https://kbland.kr/c/20937
651349,진흥펠리체(도),강남구,논현동,40,201511,15.19,34.75,,,0,37.5084778,127.0312827,https://kbland.kr/c/651349
5,청학,강남구,논현동,70,197606,87.15,99.65,135000,155000,2,37.5206453,127.0328221,https://kbland.kr/c/5
18698,케럿스테이트,강남구,논현동,16,200404,103.64,193.94,130100,215000,8,37.5126572,127.0421779,https://kbland.kr/c/18698
28243,케이씨빌,강남구,논현동,12,200411,111.50,123.51,128900,135300,2,37.5190180,127.0387708,https://kbland.kr/c/28243
13,테크노빌라트,강남구,논현동,18,200207,57.57,114.30,101800,126100,4,37.5112222,127.0402441,https://kbland.kr/c/13
23546,토미빌(228-9).,강남구,논현동,24,200302,155.16,161.26,,,12,37.5089672,127.0338551,https://kbland.kr/c/23546
615547,토미하우스(도),강남구,논현동,14,201304,16.67,41.18,,,0,37.5116747,127.0263706,https://kbland.kr/c/615547
14406,프라임(196-4),강남구,논현동,19,200610,135.45,270.90,145300,273800,0,37.5065889,127.0284227,https://kbland.kr/c/14406
14041,프라임(80-13),강남구,논현동,28,200407,93.51,124.68,141600,141600,3,37.5162302,127.0306167,https://kbland.kr/c/14041
15215,학동,강남구,논현동,18,200506,86.75,125.41,95400,124600,0,37.51262000,127.03383000,https://kbland.kr/c/15215
18444,한양빌라트,강남구,논현동,19,199912,115.34,179.68,141500,169300,0,37.51706500,127.03130700,https://kbland.kr/c/18444
27325,한양수자인어반게이트(도),강남구,논현동,108,201306,23.42,29.92,20000,20000,1,37.5097488,127.0335735,https://kbland.kr/c/27325
6,현대넥서스(261-7),강남구,논현동,18,200010,128.29,254.09,153500,297500,15,37.5118454,127.0365327,https://kbland.kr/c/6
21229,현대넥서스(261-8),강남구,논현동,16,199712,161.35,264.58,185800,218000,2,37.5115958,127.0368639,https://kbland.kr/c/21229
21100,휴먼스페이스,강남구,논현동,18,200306,48.95,49.49,,,0,37.5076756,127.0334758,https://kbland.kr/c/21100
25364,힐스빌7차,강남구,논현동,9,200303,138.67,171.75,,,3,37.5132742,127.0228952,https://kbland.kr/c/25364
14,힐타워,강남구,논현동,16,200107,93.47,187.15,102000,148800,0,37.5124918,127.0230864,https://kbland.kr/c/14
434293,힐튼빌(도).,강남구,논현동,14,201303,35.03,104.27,,,0,37.511114,127.040727,https://kbland.kr/c/434293
187,개포우성1차,강남구,대치동,690,198312,84.80,213.68,405000,665000,119,37.4914437,127.0597731,https://kbland.kr/c/187
200,개포우성2차,강남구,대치동,450,198412,101.09,180.54,405000,585000,70,37.4913472,127.0578406,https://kbland.kr/c/200
202,노빌리티빌리지,강남구,대치동,14,200002,125.06,196.98,175300,250000,0,37.4974409,127.0604330,https://kbland.kr/c/202
31445,대치SK뷰,강남구,대치동,239,201706,80.38,166.84,222500,452500,54,37.4959672,127.0603219,https://kbland.kr/c/31445
659022,대치더클래스,강남구,대치동,42,202209,89.11,169.72,179200,215500,15,37.4973422,127.0608547,https://kbland.kr/c/659022
12618,대치동3차풍림아이원,강남구,대치동,42,200406,134.72,139.43,255300,255300,5,37.5046911,127.0668343,https://kbland.kr/c/12618
12619,대치동4차풍림아이원,강남구,대치동,33,200406,134.54,139.23,262600,262600,3,37.5042575,127.0667039,https://kbland.kr/c/12619
204,대치동삼성3차,강남구,대치동,35,200003,99.97,240.86,204700,329900,12,37.4975354,127.0598551,https://kbland.kr/c/204
47442,대치르엘,강남구,대치동,273,202109,75.59,158.56,275000,365000,52,37.5016378,127.0643077,https://kbland.kr/c/47442
1915248,"대치명문(민간임대,도시형)",강남구,대치동,13,202203,32.91,65.13,,,1,37.5032311,127.0551254,https://kbland.kr/c/1915248
189,대치삼성(래미안),강남구,대치동,960,200007,85.68,139.27,250000,392500,157,37.4965384,127.0591212,https://kbland.kr/c/189
205,대치삼성2차,강남구,대치동,19,199910,188.75,188.75,,,16,37.4970455,127.0576136,https://kbland.kr/c/205
26718,대치상지리츠빌카일룸,강남구,대치동,15,201109,225.33,268.23,,,20,37.5015843,127.0682075,https://kbland.kr/c/26718
14992,대치아이파크,강남구,대치동,768,200707,78.71,179.41,305000,515000,286,37.4947541,127.0545748,https://kbland.kr/c/14992
23668,대치주성,강남구,대치동,14,200410,73.97,136.31,81700,128700,2,37.5016102,127.0601094,https://kbland.kr/c/23668
43458,대치타워,강남구,대치동,10,200304,77.28,105.00,91600,118100,2,37.5017427,127.0580862,https://kbland.kr/c/43458
313482,대치푸르지오써밋,강남구,대치동,489,202306,70.24,198.93,,,110,37.5024379,127.0602884,https://kbland.kr/c/313482
23772,대치하나빌,강남구,대치동,12,200310,163.48,225.69,191200,235400,17,37.4970289,127.0584817,https://kbland.kr/c/23772
13451,대치한신휴플러스,강남구,대치동,66,200505,85.90,105.97,172500,190000,10,37.5014324,127.0513918,https://kbland.kr/c/13451
190,대치현대,강남구,대치동,630,199906,88.68,143.66,249000,370000,98,37.5009060,127.0610682,https://kbland.kr/c/190
191,대치효성,강남구,대치동,83,199908,78.99,112.12,200000,222500,3,37.5000703,127.0612191,https://kbland.kr/c/191
37104,더힐하우스(도),강남구,대치동,44,201606,36.26,70.89,,,2,37.4994505,127.0528691,https://kbland.kr/c/37104
23008,동민맥스빌(B동),강남구,대치동,18,200412,75.44,156.79,137400,187300,0,37.4979452,127.0558804,https://kbland.kr/c/23008
13186,동부센트레빌,강남구,대치동,805,200501,152.54,202.99,512500,625000,127,37.4931040,127.0555569,https://kbland.kr/c/13186
206,동양,강남구,대치동,19,199911,110.57,186.81,131000,139900,0,37.4997930,127.0525774,https://kbland.kr/c/206
1682099,디에이치대치에델루이,강남구,대치동,282,202508,80.11,165.07,,,2,37.5030695,127.0606396,https://kbland.kr/c/1682099
29017,래미안대치팰리스1단지,강남구,대치동,1278,201509,88.00,150.66,330000,590000,256,37.4943751,127.0578331,https://kbland.kr/c/29017
36794,래미안대치팰리스2단지,강남구,대치동,330,201509,118.76,183.59,405000,595000,133,37.4949403,127.0611938,https://kbland.kr/c/36794
193,래미안대치하이스턴(우성2차),강남구,대치동,354,201402,142.54,142.62,343500,343500,37,37.5013709,127.0651565,https://kbland.kr/c/193
203,롯데캐슬,강남구,대치동,142,200206,110.72,176.16,252500,337500,15,37.5051152,127.0567063,https://kbland.kr/c/203
14665,롯데캐슬리베,강남구,대치동,144,200612,146.32,146.32,375000,375000,34,37.4962978,127.0538090,https://kbland.kr/c/14665
24759,메트로,강남구,대치동,11,200209,81.71,113.12,99200,117500,3,37.5029968,127.0554662,https://kbland.kr/c/24759
14294,미소시티,강남구,대치동,18,200607,164.77,200.90,189700,228500,2,37.5026168,127.0563984,https://kbland.kr/c/14294
36403,"선경(1,2차)",강남구,대치동,1034,198312,101.66,186.36,410000,580000,249,37.4918071,127.0625767,https://kbland.kr/c/36403
195,선경(3차),강남구,대치동,54,199010,85.48,85.48,225000,225000,6,37.4941742,127.0609474,https://kbland.kr/c/195
207,세연파크뷰,강남구,대치동,19,200207,75.46,94.53,86900,93300,2,37.5001471,127.0585557,https://kbland.kr/c/207
199,세영팔레스타운,강남구,대치동,67,200201,73.77,103.37,152500,210000,9,37.50085000,127.06214000,https://kbland.kr/c/199
18166,스카이써밋,강남구,대치동,10,200402,91.79,131.56,132300,154600,0,37.5011367,127.0583510,https://kbland.kr/c/18166
1075677,스톤빌리지(도),강남구,대치동,28,201612,24.56,64.46,,,0,37.4987467,127.0560695,https://kbland.kr/c/1075677
48626,스톤빌리지대치2차(도),강남구,대치동,25,201805,38.99,69.77,,,0,37.4988461,127.0567057,https://kbland.kr/c/48626
46571,스톤빌리지대치3차(도),강남구,대치동,22,201804,35.47,62.45,,,11,37.5011211,127.0542623,https://kbland.kr/c/46571
47111,스톤빌리지대치4차(도),강남구,대치동,20,201909,39.10,71.47,,,4,37.4998468,127.0552464,https://kbland.kr/c/47111
201,쌍용2차.,강남구,대치동,364,198311,102.47,141.71,365000,430000,40,37.4997206,127.0706848,https://kbland.kr/c/201
192,쌍용대치(1차),강남구,대치동,630,198303,102.36,173.48,365000,467500,68,37.4979480,127.0710008,https://kbland.kr/c/192
15216,아름빌,강남구,대치동,43,200307,45.97,105.58,43500,87500,3,37.5033996,127.0506317,https://kbland.kr/c/15216
21798,아크로빌,강남구,대치동,14,200511,61.53,112.33,,,0,37.4971728,127.0573151,https://kbland.kr/c/21798
552685,아티드(도시형),강남구,대치동,42,202407,54.65,64.91,,,0,37.5033209,127.0581319,https://kbland.kr/c/552685
188,우성(1차),강남구,대치동,476,198401,102.01,133.98,350000,405000,32,37.5004363,127.0688890,https://kbland.kr/c/188
15274,우정에쉐르,강남구,대치동,19,200406,103.62,154.02,178900,178900,0,37.5069080,127.0623277,https://kbland.kr/c/15274
18590,월드빌,강남구,대치동,11,200402,59.00,122.32,96100,96100,0,37.5065935,127.0624334,https://kbland.kr/c/18590
186,은마,강남구,대치동,4424,197909,101.52,115.54,326667,363333,374,37.4976398,127.0650560,https://kbland.kr/c/186
196,청암빌라트,강남구,대치동,18,199201,144.05,179.57,,,3,37.4924501,127.0571709,https://kbland.kr/c/196
14878,청원,강남구,대치동,19,200502,58.32,130.41,71700,152100,0,37.4984332,127.0560552,https://kbland.kr/c/14878
12845,포스코더샵,강남구,대치동,276,200409,168.38,208.98,380000,407500,60,37.5041018,127.0573071,https://kbland.kr/c/12845
37047,풍림아이원,강남구,대치동,90,200308,91.49,170.30,150000,240000,9,37.5014718,127.0548612,https://kbland.kr/c/37047
24354,하이캐슬,강남구,대치동,67,200502,104.13,191.61,,,0,37.5005677,127.0638546,https://kbland.kr/c/24354
345179,한보미도맨션,강남구,대치동,2436,198311,113.31,220.92,393333,666667,375,37.4935414,127.0675158,https://kbland.kr/c/345179
197,한보미도맨숀3차,강남구,대치동,18,198501,220.11,220.11,310500,310500,10,37.4945955,127.0618031,https://kbland.kr/c/197
19622,한양팰리스,강남구,대치동,14,200401,111.20,120.97,142100,159700,0,37.4992106,127.0597549,https://kbland.kr/c/19622
18791,한티,강남구,대치동,22,200410,78.60,127.58,150300,169200,0,37.4990281,127.0572126,https://kbland.kr/c/18791
194,현대(1차),강남구,대치동,120,199004,101.03,101.70,250000,250000,19,37.4999937,127.0653320,https://kbland.kr/c/194
18942,화인하이빌,강남구,대치동,18,200401,61.24,147.52,77200,168500,11,37.5064769,127.0625027,https://kbland.kr/c/18942
157,개포4차우성(양재우성),강남구,도곡동,459,198512,113.23,180.25,372500,502500,52,37.48545,127.0494789,https://kbland.kr/c/157
160,개포5차우성,강남구,도곡동,180,198610,89.79,98.96,220000,250000,11,37.4860285,127.0474254,https://kbland.kr/c/160
156,개포럭키,강남구,도곡동,128,198601,102.41,102.41,237500,237500,0,37.4861727,127.0463042,https://kbland.kr/c/156
161,개포한신,강남구,도곡동,620,198512,73.65,103.93,310000,350000,36,37.4868952,127.0489053,https://kbland.kr/c/161
175,경남,강남구,도곡동,348,200506,76.47,147.12,205000,235000,107,37.4886785,127.0408559,https://kbland.kr/c/175
25661,그랜빌캐슬,강남구,도곡동,15,200301,105.32,166.79,160000,231000,0,37.4888005,127.0447894,https://kbland.kr/c/25661
162,대림,강남구,도곡동,197,199211,102.39,104.47,255000,255000,21,37.4864629,127.0398665,https://kbland.kr/c/162
20491,대명비발디,강남구,도곡동,18,200311,46.53,102.21,55900,114900,1,37.4890671,127.0343602,https://kbland.kr/c/20491
293449,더힐(도).,강남구,도곡동,11,199012,26.65,44.42,,,0,37.4847442,127.0434467,https://kbland.kr/c/293449
14799,도곡1차아이파크,강남구,도곡동,321,200703,109.19,178.59,262500,327500,84,37.4924031,127.0434770,https://kbland.kr/c/14799
13923,도곡2차아이파크,강남구,도곡동,58,200602,175.89,232.37,261000,315000,21,37.4892343,127.0371737,https://kbland.kr/c/13923
14938,도곡3차아이파크,강남구,도곡동,72,200704,179.50,225.98,295000,330000,0,37.4901778,127.0379645,https://kbland.kr/c/14938
26010,도곡그린빌,강남구,도곡동,19,199512,63.77,127.40,62700,123300,7,37.4861417,127.0358339,https://kbland.kr/c/26010
13449,도곡동 월드메르디앙,강남구,도곡동,29,200411,118.58,208.38,191100,256500,1,37.4870258,127.0437265,https://kbland.kr/c/13449
176,도곡동삼성래미안,강남구,도곡동,732,200112,81.35,158.10,280000,385000,55,37.4899721,127.0504059,https://kbland.kr/c/176
13886,도곡렉슬,강남구,도곡동,3002,200601,86.43,225.29,262500,580000,350,37.4938690,127.0509446,https://kbland.kr/c/13886
424770,도곡루아르(도),강남구,도곡동,29,202202,65.08,67.46,,,29,37.4900611,127.0343946,https://kbland.kr/c/424770
45138,도곡상지카일룸,강남구,도곡동,23,201812,255.19,275.56,,,1,37.4878869,127.0439266,https://kbland.kr/c/45138
22884,도곡스타빌,강남구,도곡동,15,200609,59.17,104.14,76000,117200,0,37.4841331,127.0425648,https://kbland.kr/c/22884
163,도곡쌍용예가,강남구,도곡동,384,201105,83.52,232.86,225000,315000,101,37.4875878,127.0385857,https://kbland.kr/c/163
1079409,도곡월드메르디앙(973),강남구,도곡동,48,202308,73.32,93.20,145100,149800,18,37.4886162,127.0397623,https://kbland.kr/c/1079409
24242,도곡지웰카운티,강남구,도곡동,37,201004,125.80,148.53,224700,224800,0,37.4863761,127.0435991,https://kbland.kr/c/24242
1041635,도곡코오롱,강남구,도곡동,29,202310,75.76,139.94,,,23,37.4882183,127.039782,https://kbland.kr/c/1041635
14075,도곡푸르지오1차,강남구,도곡동,17,200512,185.04,208.44,198900,222900,8,37.4879043,127.0331992,https://kbland.kr/c/14075
20754,도곡하이빌,강남구,도곡동,12,2005.07,76.23,156.39,61400,110800,4,37.4859128,127.0375895,https://kbland.kr/c/20754
30232,도곡한라비발디,강남구,도곡동,110,201605,111.45,164.97,225000,280000,29,37.4877376,127.0392735,https://kbland.kr/c/30232
159,도곡한신(MBC),강남구,도곡동,421,198807,79.50,135.75,187500,275000,43,37.4876854,127.0406085,https://kbland.kr/c/159
12557,도곡현대하이페리온,강남구,도곡동,71,200404,171.91,218.57,252500,302500,6,37.4887752,127.0350198,https://kbland.kr/c/12557
171,도곡현대힐스테이트,강남구,도곡동,57,199801,151.40,224.74,,,2,37.4878345,127.0456724,https://kbland.kr/c/171
48184,라온빌(도),강남구,도곡동,11,201305,20.79,56.27,,,0,37.4904383,127.0362892,https://kbland.kr/c/48184
22461,래미안도곡카운티,강남구,도곡동,397,201302,81.57,132.86,245000,395000,147,37.4951436,127.0510689,https://kbland.kr/c/22461
23381,로덴하우스 이스트빌리지,강남구,도곡동,33,200910,280.33,287.45,,,0,37.4856989,127.0467738,https://kbland.kr/c/23381
23384,로덴하우스웨스트빌리지,강남구,도곡동,19,200910,298.43,337.65,,,0,37.4854622,127.0464715,https://kbland.kr/c/23384
12298,롯데캐슬모닝,강남구,도곡동,60,200310,105.37,177.25,212500,266250,39,37.4902312,127.0367764,https://kbland.kr/c/12298
18341,리치아르떼빌.,강남구,도곡동,11,200311,138.84,199.26,218200,219500,8,37.4864513,127.0439939,https://kbland.kr/c/18341
164,매봉(삼성),강남구,도곡동,132,199901,70.84,100.61,187500,217500,12,37.4891926,127.0487196,https://kbland.kr/c/164
25706,벨라빌.,강남구,도곡동,14,200009,101.28,265.33,133000,294000,1,37.4866720,127.0445339,https://kbland.kr/c/25706
545598,비스킷(도),강남구,도곡동,19,201306,21.61,56.68,,,0,37.4874633,127.0350299,https://kbland.kr/c/545598
180,삼성,강남구,도곡동,231,199412,81.09,104.15,230000,285000,17,37.488551,127.0466672,https://kbland.kr/c/180
165,삼익,강남구,도곡동,247,198306,113.73,165.21,255000,280000,126,37.4910239,127.0422959,https://kbland.kr/c/165
166,삼호,강남구,도곡동,144,198401,137.85,137.85,,,0,37.4934380,127.0455446,https://kbland.kr/c/166
185,신성빌리지,강남구,도곡동,16,199501,119.94,131.90,,,0,37.4872126,127.0445383,https://kbland.kr/c/185
158,역삼럭키,강남구,도곡동,1094,199512,112.00,145.20,258333,293333,105,37.4906104,127.0401866,https://kbland.kr/c/158
167,우성,강남구,도곡동,390,198610,93.94,101.17,240000,260000,32,37.488203,127.0371243,https://kbland.kr/c/167
18886,울트라멤버스,강남구,도곡동,19,200312,95.76,164.52,170900,221100,4,37.4876893,127.0466581,https://kbland.kr/c/18886
19495,원팰리스.,강남구,도곡동,19,200301,57.59,126.72,64800,123400,0,37.4862263,127.0340462,https://kbland.kr/c/19495
24685,이니그마빌Ⅲ,강남구,도곡동,14,200605,265.22,270.31,,,0,37.4874108,127.0434163,https://kbland.kr/c/24685
15571,조이너스도곡,강남구,도곡동,26,200805,78.68,109.25,105600,139800,15,37.4871537,127.0350746,https://kbland.kr/c/15571
170,중명하니빌,강남구,도곡동,111,199705,31.88,64.37,26000,45000,19,37.4858879,127.0389580,https://kbland.kr/c/170
800355,클래스원,강남구,도곡동,10,202212,58.74,118.48,,,9,37.487825,127.0337247,https://kbland.kr/c/800355
24337,파크힐,강남구,도곡동,17,200512,57.40,216.87,87000,216400,2,37.4898812,127.0369505,https://kbland.kr/c/24337
25803,포레스트빌,강남구,도곡동,4,200305,145.61,160.22,,,0,37.4875412,127.0439461,https://kbland.kr/c/25803
177,포스코트,강남구,도곡동,64,200202,241.70,256.17,365000,395000,13,37.48783000,127.04762000,https://kbland.kr/c/177
26782,플럼힐스,강남구,도곡동,5,200308,260.67,334.12,,,0,37.4876147,127.0441148,https://kbland.kr/c/26782
14621,필로스,강남구,도곡동,8,200401,115.57,233.97,,,2,37.4869402,127.0442817,https://kbland.kr/c/14621
168,현대(도곡),강남구,도곡동,211,199212,102.54,102.54,232500,232500,34,37.4895262,127.0387191,https://kbland.kr/c/168
169,현대그린,강남구,도곡동,171,199503,96.61,96.91,230000,230000,89,37.4888195,127.0393501,https://kbland.kr/c/169
172,현대벨라하우스,강남구,도곡동,8,1996.12,256.24,272.10,,,0,37.4885908,127.0455950,https://kbland.kr/c/172
20492,현대아이리스,강남구,도곡동,17,200411,100.52,157.81,115400,182400,1,37.4891734,127.0341327,https://kbland.kr/c/20492
26468,현대오티움,강남구,도곡동,18,199802,219.69,262.63,287100,309100,7,37.4876631,127.0445325,https://kbland.kr/c/26468
183,힐데스하임.,강남구,도곡동,19,1998.04,288.90,501.28,,,11,37.4880867,127.0449683,https://kbland.kr/c/183
12573,IPARK삼성동,강남구,삼성동,449,200405,182.87,345.15,715000,945000,173,37.51818000,127.05906000,https://kbland.kr/c/12573
352557,LH삼성(도),강남구,삼성동,47,201308,44.28,65.73,,,2,37.5154993,127.064002,https://kbland.kr/c/352557
30893,SM드림빌.,강남구,삼성동,16,200303,58.04,94.35,78000,78000,0,37.5133636,127.0459583,https://kbland.kr/c/30893
20710,골든카운티,강남구,삼성동,19,201901,96.69,190.65,211200,264000,3,37.5169887,127.0464462,https://kbland.kr/c/20710
42639,그라나다.,강남구,삼성동,19,200211,52.82,99.44,75000,85500,1,37.5126869,127.0495875,https://kbland.kr/c/42639
27301,네오블로썸,강남구,삼성동,12,200902,115.01,115.01,148200,148200,0,37.5122846,127.0473520,https://kbland.kr/c/27301
21496,노블테라스,강남구,삼성동,10,200307,137.92,228.01,266400,290800,7,37.5118586,127.0448124,https://kbland.kr/c/21496
24321,다우림하우스,강남구,삼성동,10,200604,89.66,147.08,129400,162400,0,37.5189864,127.0617354,https://kbland.kr/c/24321
23372,동구싼타빌,강남구,삼성동,19,200406,76.29,136.63,114600,116800,6,37.5151886,127.0623259,https://kbland.kr/c/23372
14688,동일파크스위트,강남구,삼성동,36,200608,170.87,202.22,350100,350100,57,37.5163886,127.0659307,https://kbland.kr/c/14688
46915,래미안라클래시,강남구,삼성동,679,202109,84.46,227.30,322500,480000,161,37.5174762,127.050021,https://kbland.kr/c/46915
37051,"래미안삼성1차(102,103번지)",강남구,삼성동,169,200604,99.64,169.89,262500,355000,7,37.517018,127.0643093,https://kbland.kr/c/37051
13865,래미안삼성1차(104번지),강남구,삼성동,77,200601,91.51,233.66,262500,312500,9,37.5165010,127.0630561,https://kbland.kr/c/13865
13864,래미안삼성1차(105번지),강남구,삼성동,112,200601,109.65,205.27,272500,425000,3,37.5160615,127.0633217,https://kbland.kr/c/13864
14766,래미안삼성2차,강남구,삼성동,275,200703,115.07,226.39,295000,420000,49,37.5159912,127.0433005,https://kbland.kr/c/14766
40379,로프트원,강남구,삼성동,19,200204,68.01,137.41,82900,82900,0,37.5127024,127.0498971,https://kbland.kr/c/40379
14767,롯데캐슬프레미어,강남구,삼성동,713,200703,106.93,239.42,320000,455000,126,37.5156617,127.0448996,https://kbland.kr/c/14767
14471,블루밍하우스,강남구,삼성동,26,200602,97.47,174.24,189500,251500,0,37.5173432,127.0522990,https://kbland.kr/c/14471
36287,삼부,강남구,삼성동,83,199812,74.96,141.16,175000,195000,21,37.5172959,127.0650886,https://kbland.kr/c/36287
11957,삼부아그레빌,강남구,삼성동,67,200306,90.63,125.95,176500,207500,2,37.5179329,127.0641015,https://kbland.kr/c/11957
13642,삼성SK뷰,강남구,삼성동,41,200508,99.01,158.17,,,7,37.5162810,127.0648574,https://kbland.kr/c/13642
21596,삼성그랑빌,강남구,삼성동,14,200412,96.86,113.75,114400,146000,0,37.5108594,127.0550165,https://kbland.kr/c/21596
12900,삼성대우멤버스카운티1차,강남구,삼성동,38,200409,116.89,180.27,197500,275100,5,37.5182148,127.0644260,https://kbland.kr/c/12900
20898,삼성대우멤버스카운티2차,강남구,삼성동,17,200412,140.68,195.45,225700,322100,5,37.5131339,127.0442984,https://kbland.kr/c/20898
19344,삼성대우멤버스카운티3차,강남구,삼성동,11,200511,121.35,172.92,222400,222400,4,37.5128373,127.0443927,https://kbland.kr/c/19344
19345,삼성대우멤버스카운티5차,강남구,삼성동,17,200511,136.06,143.17,,,3,37.5128435,127.0440420,https://kbland.kr/c/19345
26620,삼성대유리채(도시형),강남구,삼성동,65,201202,21.73,61.62,,,0,37.5109836,127.0536463,https://kbland.kr/c/26620
46,삼성더파크뷰,강남구,삼성동,12,199701,215.58,215.58,267300,267300,1,37.5104702,127.0469452,https://kbland.kr/c/46
14401,삼성동 골든빌,강남구,삼성동,18,199906,237.33,285.76,,,0,37.5178242,127.0651662,https://kbland.kr/c/14401
14704,삼성동 아셈,강남구,삼성동,18,200312,62.90,125.13,109900,261100,2,37.5151140,127.0620101,https://kbland.kr/c/14704
15424,삼성동 아펠바움,강남구,삼성동,17,200804,282.73,313.63,,,2,37.5180397,127.0650730,https://kbland.kr/c/15424
12297,삼성동금호어울림,강남구,삼성동,68,200309,77.00,143.11,222500,257500,3,37.5168120,127.0647829,https://kbland.kr/c/12297
12603,삼성동대성유니드,강남구,삼성동,59,200406,97.50,105.01,162500,167500,8,37.50865000,127.05402000,https://kbland.kr/c/12603
38,삼성동롯데,강남구,삼성동,339,200004,79.36,122.60,235000,297500,16,37.5179997,127.0487839,https://kbland.kr/c/38
13810,삼성동롯데캐슬킹덤,강남구,삼성동,118,200512,122.25,207.63,280000,340000,10,37.5128286,127.0477749,https://kbland.kr/c/13810
31920,삼성동센트럴아이파크,강남구,삼성동,416,201804,74.23,220.74,182500,485000,116,37.5154963,127.051194,https://kbland.kr/c/31920
59,삼성동씨엘케이,강남구,삼성동,12,200206,99.47,99.47,185400,185400,2,37.5175278,127.0443747,https://kbland.kr/c/59
13246,삼성동우림루미아트,강남구,삼성동,40,200502,117.50,165.44,178300,234800,4,37.5139265,127.0543330,https://kbland.kr/c/13246
13207,삼성동중앙하이츠빌리지,강남구,삼성동,298,200412,83.93,192.66,260000,415000,57,37.5161133,127.0461495,https://kbland.kr/c/13207
39,삼성동한솔,강남구,삼성동,263,199811,55.98,147.81,200000,255000,38,37.5175573,127.0458329,https://kbland.kr/c/39
54,삼성동한일,강남구,삼성동,127,200112,83.55,108.27,180000,220000,43,37.5141065,127.0498174,https://kbland.kr/c/54
15758,삼성동힐스테이트1단지,강남구,삼성동,1144,200901,41.40,144.26,127500,425000,213,37.5167207,127.0488341,https://kbland.kr/c/15758
15759,삼성동힐스테이트2단지,강남구,삼성동,926,200901,51.81,111.25,165000,345000,206,37.5141117,127.0515820,https://kbland.kr/c/15759
20298,삼성드림하우스,강남구,삼성동,18,200306,93.58,135.68,112100,155600,0,37.5135002,127.0494971,https://kbland.kr/c/20298
28951,삼성라테라스,강남구,삼성동,18,201306,139.86,243.27,,,43,37.5155493,127.0657715,https://kbland.kr/c/28951
25956,삼성루첸시아,강남구,삼성동,10,200707,60.23,129.09,77800,152600,0,37.5172927,127.0527408,https://kbland.kr/c/25956
58,삼성벨라스,강남구,삼성동,19,200209,156.64,185.99,,,7,37.5143180,127.0458670,https://kbland.kr/c/58
18034,삼성오네뜨,강남구,삼성동,48,200403,162.61,178.71,230000,268600,1,37.5095216,127.0544904,https://kbland.kr/c/18034
20338,삼성월드타워,강남구,삼성동,46,200101,66.98,96.55,116500,116500,4,37.5174570,127.0440623,https://kbland.kr/c/20338
20831,삼성웰피아,강남구,삼성동,19,200507,104.91,120.23,144500,145900,2,37.5084697,127.0536554,https://kbland.kr/c/20831
20445,삼성이안파크,강남구,삼성동,19,200405,102.03,130.74,133200,176200,3,37.5085941,127.0534389,https://kbland.kr/c/20445
56,삼성파크,강남구,삼성동,114,200112,121.50,162.21,235000,250000,1,37.5092009,127.0538158,https://kbland.kr/c/56
14386,삼성팰리스(71-16),강남구,삼성동,19,200601,99.26,136.65,141700,190300,5,37.5143961,127.0533430,https://kbland.kr/c/14386
14387,삼성펠리스(129-5),강남구,삼성동,18,200601,90.02,187.60,116500,231800,5,37.5086923,127.0544443,https://kbland.kr/c/14387
24884,삼성헤렌하우스2,강남구,삼성동,33,201012,133.03,273.46,231500,295200,8,37.5193604,127.0611764,https://kbland.kr/c/24884
20383,상아빌라트,강남구,삼성동,17,199807,189.41,290.16,349600,349600,1,37.5130044,127.0497296,https://kbland.kr/c/20383
27999,상지리츠빌카일룸,강남구,삼성동,13,201207,287.46,333.74,,,1,37.5169058,127.0516937,https://kbland.kr/c/27999
43,서광,강남구,삼성동,304,199811,77.04,104.43,240000,260000,26,37.5170406,127.0427102,https://kbland.kr/c/43
44,석탑,강남구,삼성동,139,199605,80.92,106.24,180000,242500,27,37.5175717,127.0448753,https://kbland.kr/c/44
61,세방타운,강남구,삼성동,14,199801,100.53,148.14,170000,209100,0,37.5174649,127.0528631,https://kbland.kr/c/61
52,신동아듀크빌,강남구,삼성동,17,200011,264.44,300.64,,,0,37.5174374,127.0652502,https://kbland.kr/c/52
25679,심포니하우스,강남구,삼성동,19,199806,190.66,264.54,245300,323300,1,37.5163686,127.0521190,https://kbland.kr/c/25679
45,씨티빌.,강남구,삼성동,38,199201,181.63,305.35,321400,321400,0,37.5189592,127.0639869,https://kbland.kr/c/45
23268,아델하우스,강남구,삼성동,14,200809,210.21,226.56,,,14,37.5169654,127.0523829,https://kbland.kr/c/23268
23830,아셈(150-5),강남구,삼성동,19,200603,74.72,168.02,106900,205100,0,37.5116526,127.0550517,https://kbland.kr/c/23830
1093714,아크로삼성,강남구,삼성동,419,202502,116.06,208.81,,,136,37.5199653,127.0596508,https://kbland.kr/c/1093714
14785,영무예다음,강남구,삼성동,45,200604,105.72,135.18,166900,194400,8,37.51043000,127.05234000,https://kbland.kr/c/14785
11956,우정에쉐르,강남구,삼성동,40,200306,109.43,151.46,207000,243000,8,37.5171795,127.0442808,https://kbland.kr/c/11956
29832,월성,강남구,삼성동,19,199406,115.14,212.52,161200,162200,1,37.5161651,127.0616123,https://kbland.kr/c/29832
18725,이안애2차,강남구,삼성동,19,200410,72.06,133.37,103500,157200,0,37.5081194,127.0537842,https://kbland.kr/c/18725
22284,진흥,강남구,삼성동,255,198404,110.92,221.01,322500,500000,16,37.5191074,127.0531930,https://kbland.kr/c/22284
42,청구.,강남구,삼성동,167,199205,104.76,104.76,267500,267500,28,37.5200402,127.0582832,https://kbland.kr/c/42
47,푸른솔,강남구,삼성동,61,199604,82.24,198.11,156500,192500,3,37.5178430,127.0461049,https://kbland.kr/c/47
48,풍림,강남구,삼성동,36,199707,58.04,76.32,65500,73000,5,37.5080611,127.0543844,https://kbland.kr/c/48
51,풍림(1차),강남구,삼성동,252,199807,71.19,141.23,215000,285000,23,37.5155334,127.0614845,https://kbland.kr/c/51
53,풍림2차,강남구,삼성동,112,199812,54.60,126.74,210000,264000,4,37.5163702,127.0624808,https://kbland.kr/c/53
40,현대,강남구,삼성동,198,199905,45.92,144.33,87000,290000,26,37.5168405,127.0447036,https://kbland.kr/c/40
18705,현대빌라트,강남구,삼성동,14,200408,88.43,182.10,102400,201600,6,37.5119851,127.0515636,https://kbland.kr/c/18705
21364,현대삼성동1차,강남구,삼성동,19,200511,176.36,230.61,241800,318500,3,37.5190853,127.0549354,https://kbland.kr/c/21364
14865,현대삼성동2차,강남구,삼성동,11,200605,128.29,174.50,159200,205800,0,37.5192184,127.0558296,https://kbland.kr/c/14865
11958,형우빌라,강남구,삼성동,19,200306,207.03,259.54,346900,346900,27,37.51759000,127.05268100,https://kbland.kr/c/11958
24991,강남데시앙파크,강남구,세곡동,546,201111,108.54,145.53,150000,177500,38,37.4603235,127.1012238,https://kbland.kr/c/24991
24585,강남신동아파밀리에1단지,강남구,세곡동,395,201103,86.88,86.89,145000,145000,8,37.4643163,127.1005218,https://kbland.kr/c/24585
24586,강남신동아파밀리에2단지,강남구,세곡동,410,201103,115.82,116.72,150000,150000,11,37.4643021,127.1029133,https://kbland.kr/c/24586
25358,강남엘에이치1단지(e편한세상),강남구,세곡동,809,201306,81.83,115.97,162500,182500,56,37.4668280,127.1028014,https://kbland.kr/c/25358
29847,강남효성해링턴코트,강남구,세곡동,199,201604,114.40,158.52,,,36,37.4681648,127.0949625,https://kbland.kr/c/29847
24587,세곡리엔파크3단지,강남구,세곡동,363,201103,118.44,118.44,150000,150000,12,37.463948,127.1044778,https://kbland.kr/c/24587
24932,세곡푸르지오,강남구,세곡동,912,201209,80.22,113.85,157500,195000,64,37.4667809,127.0934995,https://kbland.kr/c/24932
29637,강남더샵포레스트,강남구,수서동,400,201608,142.83,304.33,280000,387500,32,37.4813132,127.0952110,https://kbland.kr/c/29637
28948,강남데시앙포레,강남구,수서동,787,201408,81.54,160.38,210000,272500,71,37.480907,127.0901673,https://kbland.kr/c/28948
118,까치마을,강남구,수서동,1404,199309,49.01,70.45,147250,197500,166,37.4849896,127.0878155,https://kbland.kr/c/118
119,동익,강남구,수서동,330,199311,73.13,101.82,150000,240000,25,37.4856476,127.0964365,https://kbland.kr/c/119
120,삼성,강남구,수서동,680,199711,77.56,104.74,230500,252000,84,37.4850407,127.0901456,https://kbland.kr/c/120
115,삼익,강남구,수서동,645,199210,68.72,115.17,209500,266000,51,37.4893830,127.1006320,https://kbland.kr/c/115
116,수서한아름,강남구,수서동,498,199311,120.76,188.79,240000,290000,28,37.4893320,127.1034143,https://kbland.kr/c/116
117,신동아,강남구,수서동,1162,199210,49.00,69.85,152500,200000,98,37.4878071,127.0984006,https://kbland.kr/c/117
19929,뉴현대,강남구,신사동,10,200409,68.15,129.27,115300,155700,0,37.5235530,127.0237341,https://kbland.kr/c/19929
21248,대성아트빌,강남구,신사동,19,200211,58.71,100.60,65300,111900,0,37.5195833,127.0243422,https://kbland.kr/c/21248
104,대원칸타빌,강남구,신사동,130,200107,85.08,144.14,158000,219000,6,37.5275012,127.0371007,https://kbland.kr/c/104
112,래미안신사,강남구,신사동,63,200810,113.06,113.06,,,2,37.5202140,127.0198409,https://kbland.kr/c/112
110,로데오현대,강남구,신사동,139,199811,73.95,122.28,129500,197500,7,37.52667000,127.03730000,https://kbland.kr/c/110
25624,루덴하우스,강남구,신사동,19,200704,88.73,102.99,78300,130200,1,37.5215531,127.0215994,https://kbland.kr/c/25624
21603,리갈팰리스,강남구,신사동,15,200711,184.74,275.45,225500,270600,0,37.5236911,127.0306446,https://kbland.kr/c/21603
11962,신사동 닛시빌라트,강남구,신사동,19,200301,88.33,195.48,122000,179400,1,37.52593800,127.03432600,https://kbland.kr/c/11962
18456,신사동 씨티빌,강남구,신사동,17,200201,51.80,164.21,62000,180000,0,37.5210592,127.0206929,https://kbland.kr/c/18456
38547,신사빌라트1,강남구,신사동,19,200209,26.77,163.98,,,0,37.5202582,127.023474,https://kbland.kr/c/38547
20380,신사아이빌,강남구,신사동,19,200606,94.27,127.80,130500,157700,1,37.5207648,127.0199920,https://kbland.kr/c/20380
23015,신사아크존2,강남구,신사동,14,200511,105.52,146.53,235300,235300,6,37.5247817,127.0306871,https://kbland.kr/c/23015
27617,신사파크뷰,강남구,신사동,28,200409,104.48,146.45,,,0,37.5204942,127.0264890,https://kbland.kr/c/27617
113,신성,강남구,신사동,55,199610,77.96,106.65,170000,216000,4,37.5263773,127.0318770,https://kbland.kr/c/113
32167,썬-타워빌딩(도),강남구,신사동,45,201502,27.74,42.69,,,0,37.5211200,127.0313680,https://kbland.kr/c/32167
28630,알파임하우스,강남구,신사동,19,200203,234.64,267.95,,,6,37.5253228,127.0351488,https://kbland.kr/c/28630
18808,압구정KCC,강남구,신사동,27,200409,127.36,127.36,250400,250400,11,37.5261479,127.0324795,https://kbland.kr/c/18808
40297,압구정심포니(도).,강남구,신사동,20,201102,19.33,26.14,,,0,37.5231939,127.0299941,https://kbland.kr/c/40297
24970,압구정아인빌,강남구,신사동,14,200705,104.58,158.37,130200,182400,3,37.5214810,127.0292478,https://kbland.kr/c/24970
12600,압구정하이츠파크,강남구,신사동,86,200406,234.38,372.31,592500,710000,6,37.5238422,127.0336972,https://kbland.kr/c/12600
24430,우찬,강남구,신사동,19,200401,25.04,156.12,37500,173900,3,37.5237070,127.0238339,https://kbland.kr/c/24430
18757,유로미,강남구,신사동,38,200402,98.00,211.12,117400,261500,1,37.5224913,127.0228203,https://kbland.kr/c/18757
14305,장자울,강남구,신사동,18,200403,84.01,118.10,95700,124600,1,37.5225176,127.0297324,https://kbland.kr/c/14305
13310,진흥아마란스,강남구,신사동,17,200412,106.19,226.36,153800,304100,0,37.5237034,127.0310517,https://kbland.kr/c/13310
44961,천지인수지빌,강남구,신사동,15,200302,44.30,86.09,53300,94800,0,37.5202204,127.0213894,https://kbland.kr/c/44961
19702,청림쉐르빌,강남구,신사동,11,200411,58.69,99.28,65900,102500,0,37.5206467,127.0248054,https://kbland.kr/c/19702
20965,체리빌,강남구,신사동,11,200312,90.57,151.42,95400,186000,0,37.5238175,127.0241153,https://kbland.kr/c/20965
20730,토미.,강남구,신사동,13,200403,99.95,102.68,,,4,37.5222520,127.0298713,https://kbland.kr/c/20730
31441,하얏트빌.,강남구,신사동,15,200505,52.62,92.92,83500,102300,0,37.5218238,127.0238245,https://kbland.kr/c/31441
28982,한양,강남구,신사동,12,200309,72.44,115.89,84200,121200,0,37.5219401,127.0259046,https://kbland.kr/c/28982
28242,현대아인빌,강남구,신사동,19,200403,113.03,189.64,145500,222000,1,37.5237272,127.0262773,https://kbland.kr/c/28242
114,현대연립,강남구,신사동,126,198109,120.35,218.17,,,15,37.5250337,127.0295638,https://kbland.kr/c/114
28404,화이트빌,강남구,신사동,12,200304,53.33,97.32,82100,112600,0,37.5218040,127.0290739,https://kbland.kr/c/28404
28403,대림빌라트,강남구,압구정동,19,199810,209.60,254.46,,,3,37.5308615,127.0271236,https://kbland.kr/c/28403
95,미성(1차),강남구,압구정동,322,198211,111.97,193.09,490000,735000,67,37.5253123,127.0201136,https://kbland.kr/c/95
93,미성(2차),강남구,압구정동,911,198712,95.27,163.56,430000,660000,146,37.5239850,127.0193164,https://kbland.kr/c/93
96,한양(1차),강남구,압구정동,936,197712,63.14,168.79,390000,620000,242,37.5303209,127.0388254,https://kbland.kr/c/96
97,한양(2차),강남구,압구정동,296,197809,160.57,286.35,720000,820000,114,37.5298343,127.0403404,https://kbland.kr/c/97
98,한양(3차),강남구,압구정동,312,197811,127.07,176.43,605000,755000,100,37.5293671,127.0382986,https://kbland.kr/c/98
99,한양(4차),강남구,압구정동,286,197812,85.52,228.51,565000,867500,113,37.5310050,127.0369425,https://kbland.kr/c/99
94,한양(5차),강남구,압구정동,343,197911,108.26,168.46,500000,700000,37,37.5290634,127.0419456,https://kbland.kr/c/94
100,한양(6차),강남구,압구정동,227,198012,115.10,168.70,565000,725000,70,37.5300819,127.0364452,https://kbland.kr/c/100
101,한양(7차),강남구,압구정동,239,198106,114.55,151.04,540000,625000,32,37.5293030,127.0437188,https://kbland.kr/c/101
102,한양(8차),강남구,압구정동,90,198404,208.37,224.21,800000,800000,27,37.5299753,127.0421715,https://kbland.kr/c/102
36367,"현대(1,2차)",강남구,압구정동,960,197606,141.74,213.46,670000,1066667,299,37.5331529,127.0275117,https://kbland.kr/c/36367
21227,현대(10차),강남구,압구정동,144,198206,115.41,164.59,615000,765000,33,37.5316628,127.0259592,https://kbland.kr/c/21227
22306,현대(13차),강남구,압구정동,234,198407,116.03,119.50,600000,600000,51,37.5292791,127.0277512,https://kbland.kr/c/22306
385556,현대(14차),강남구,압구정동,388,198704,96.49,99.48,580000,580000,84,37.5307777,127.0262436,https://kbland.kr/c/385556
106,현대(3차),강남구,압구정동,432,197611,108.88,108.94,515000,515000,119,37.5324212,127.0327266,https://kbland.kr/c/106
107,현대(4차),강남구,압구정동,170,197707,140.26,140.70,730000,730000,67,37.5327092,127.0304826,https://kbland.kr/c/107
108,현대(5차),강남구,압구정동,224,197712,113.96,113.96,595000,595000,88,37.5320619,127.0284658,https://kbland.kr/c/108
36573,"현대(6,7차)",강남구,압구정동,1288,197806,156.13,264.87,743333,1320000,374,37.5301944,127.0290439,https://kbland.kr/c/36573
12450,현대(65동),강남구,압구정동,56,200402,269.57,282.65,1250000,1250000,19,37.5315339,127.0321950,https://kbland.kr/c/12450
103,현대(8차),강남구,압구정동,515,198009,115.26,177.73,555000,745000,175,37.5313583,127.0349693,https://kbland.kr/c/103
92,현대(신현대),강남구,압구정동,1924,198205,114.08,202.05,635000,1000000,902,37.5289335,127.0241258,https://kbland.kr/c/92
35371,현대빌라트,강남구,압구정동,19,199608,203.03,242.42,,,0,37.5304972,127.0273488,https://kbland.kr/c/35371
46957,강남센트럴아이파크,강남구,역삼동,499,202204,79.27,218.91,,,70,37.500401,127.0454709,https://kbland.kr/c/46957
25730,강남한솔,강남구,역삼동,12,200601,58.43,86.13,60200,94300,0,37.4927624,127.0377843,https://kbland.kr/c/25730
25248,개나리SK뷰,강남구,역삼동,240,201208,112.96,160.22,340000,380000,45,37.5017284,127.0500987,https://kbland.kr/c/25248
14176,개나리래미안,강남구,역삼동,438,200608,77.36,184.38,255000,362500,60,37.4984524,127.0461028,https://kbland.kr/c/14176
14175,개나리푸르지오,강남구,역삼동,332,200608,79.81,184.22,275000,377500,52,37.4998713,127.0499865,https://kbland.kr/c/14175
12233,갤러리빌,강남구,역삼동,32,200306,66.15,72.83,,,2,37.5068584,127.0382255,https://kbland.kr/c/12233
24600,갤러리아트.,강남구,역삼동,15,200212,38.37,146.93,68700,156700,0,37.4942070,127.0437028,https://kbland.kr/c/24600
35,갤러리하우스,강남구,역삼동,17,200212,64.54,93.86,72500,95500,0,37.4945305,127.0435856,https://kbland.kr/c/35
19,거평.,강남구,역삼동,19,199601,206.87,271.32,,,7,37.49212900,127.03749800,https://kbland.kr/c/19
28,경남,강남구,역삼동,164,200205,110.85,117.50,175000,175000,14,37.5008946,127.0416949,https://kbland.kr/c/28
36,경일역삼.,강남구,역삼동,17,200201,94.35,163.02,104600,168100,0,37.4961464,127.0420246,https://kbland.kr/c/36
24544,공간쉐르빌,강남구,역삼동,17,200301,48.85,93.30,65200,100300,1,37.4942332,127.0435894,https://kbland.kr/c/24544
26210,광평하우스빌.,강남구,역삼동,16,199707,30.48,57.42,,,0,37.4915657,127.0357868,https://kbland.kr/c/26210
12338,금호어울림,강남구,역삼동,183,200312,103.70,156.18,222500,247500,29,37.4921958,127.0346026,https://kbland.kr/c/12338
47654,꿈꾸지오(691-5),강남구,역삼동,16,201803,28.03,35.11,,,0,37.5061061,127.0427861,https://kbland.kr/c/47654
47656,꿈꾸지오(697-23),강남구,역삼동,16,201611,25.97,32.34,,,0,37.506274,127.0449814,https://kbland.kr/c/47656
47744,"꿈꾸지오(698-6,도시형)",강남구,역삼동,20,201708,30.63,36.89,,,0,37.506084,127.0437742,https://kbland.kr/c/47744
47635,"꿈꾸지오(751-4,도시형)",강남구,역삼동,20,201609,27.13,32.36,,,0,37.4948805,127.0348693,https://kbland.kr/c/47635
47746,"꿈꾸지오(774-27,도시형)",강남구,역삼동,22,201810,25.26,35.67,,,0,37.4968119,127.0435588,https://kbland.kr/c/47746
47750,"꿈꾸지오(794-21,도시형)",강남구,역삼동,24,201906,20.71,31.84,,,0,37.4926497,127.0374445,https://kbland.kr/c/47750
20,네스빌.,강남구,역삼동,9,199605,245.45,259.51,,,3,37.498271,127.0400641,https://kbland.kr/c/20
20958,노블스위트,강남구,역삼동,19,200312,78.96,101.95,,,0,37.4961735,127.0373108,https://kbland.kr/c/20958
20344,뉴엠.,강남구,역삼동,8,200202,161.97,251.31,,,1,37.5002875,127.0293132,https://kbland.kr/c/20344
490650,다사랑빌(도),강남구,역삼동,11,201207,20.32,47.03,,,0,37.4938649,127.0340709,https://kbland.kr/c/490650
722867,다올2차(도),강남구,역삼동,16,201905,31.95,37.91,,,0,37.4965156,127.0366077,https://kbland.kr/c/722867
22,대림역삼,강남구,역삼동,129,199710,78.01,111.09,192500,235000,7,37.49632000,127.04647000,https://kbland.kr/c/22
25813,대명벨리온(도시형),강남구,역삼동,71,201202,21.12,46.69,,,5,37.4979636,127.0391651,https://kbland.kr/c/25813
500949,더클래스(도),강남구,역삼동,14,202201,35.21,69.74,,,0,37.4971966,127.0365015,https://kbland.kr/c/500949
505426,더프라나역삼(도),강남구,역삼동,16,202111,26.85,37.55,,,0,37.495604,127.0436015,https://kbland.kr/c/505426
18,동부센트레빌,강남구,역삼동,206,199804,77.83,110.66,225000,242500,40,37.5025604,127.0493643,https://kbland.kr/c/18
38657,동원스위트뷰역삼,강남구,역삼동,28,201710,84.46,119.93,124700,124700,3,37.4968773,127.0371377,https://kbland.kr/c/38657
2144793,두산위브파빌리온역삼(도시형),강남구,역삼동,46,202509,73.08,106.03,,,0,37.4939113,127.0414226,https://kbland.kr/c/2144793
22099,뜨라네(828-21).,강남구,역삼동,15,200506,68.99,106.58,79700,107300,3,37.4975428,127.0328600,https://kbland.kr/c/22099
19896,뜨라네(828-76).,강남구,역삼동,18,200510,36.66,127.30,53800,100100,2,37.4974542,127.0330534,https://kbland.kr/c/19896
21221,래미안그레이튼,강남구,역삼동,476,200912,85.64,172.22,272500,365000,70,37.4967311,127.0483073,https://kbland.kr/c/21221
21222,래미안그레이튼(진달래2차),강남구,역삼동,464,201006,86.00,154.96,257500,357500,65,37.4951998,127.0472411,https://kbland.kr/c/21222
15113,래미안펜타빌,강남구,역삼동,288,200711,161.43,185.97,370000,380000,95,37.5008251,127.0475881,https://kbland.kr/c/15113
733898,런던빌(도),강남구,역삼동,17,201910,31.38,51.48,,,1,37.4935874,127.0394985,https://kbland.kr/c/733898
15501,로얄빌리지,강남구,역삼동,19,200211,61.04,151.85,80700,120000,2,37.5014941,127.0345395,https://kbland.kr/c/15501
24626,로얄팰리스,강남구,역삼동,15,200312,106.45,200.13,104500,185500,1,37.5026642,127.0310862,https://kbland.kr/c/24626
488837,루미하우스(도),강남구,역삼동,24,201310,23.08,34.82,,,0,37.5020931,127.031395,https://kbland.kr/c/488837
2148665,리치웰빌라트(도시형),강남구,역삼동,18,201705,30.69,62.30,,,0,37.4961886,127.0431695,https://kbland.kr/c/2148665
2148666,리치웰빌라트2차(도시형),강남구,역삼동,18,201712,32.10,58.61,,,0,37.4968976,127.0437338,https://kbland.kr/c/2148666
25,리치타워,강남구,역삼동,19,199601,97.23,153.88,65100,66500,0,37.5054045,127.0301233,https://kbland.kr/c/25
19154,명인갤러리1차.,강남구,역삼동,14,200209,76.86,95.31,83500,111300,0,37.4986131,127.0425835,https://kbland.kr/c/19154
24612,베르사이유,강남구,역삼동,16,200311,126.56,149.20,,,1,37.4993907,127.0395879,https://kbland.kr/c/24612
12489,베스젠빌,강남구,역삼동,19,200302,112.19,181.73,100100,180600,0,37.5027943,127.0304625,https://kbland.kr/c/12489
23141,불루밍코트,강남구,역삼동,19,200305,90.83,190.35,98100,185900,0,37.4942345,127.0359900,https://kbland.kr/c/23141
12607,브라운스톤역삼,강남구,역삼동,48,200406,76.67,76.67,108400,108400,3,37.4956013,127.0378610,https://kbland.kr/c/12607
47837,비에네스타,강남구,역삼동,28,201912,70.16,161.90,143400,146300,0,37.5092307,127.0428426,https://kbland.kr/c/47837
650101,빌라란떼(도),강남구,역삼동,22,201305,18.23,53.95,,,0,37.502221523,127.033808220,https://kbland.kr/c/650101
13658,상지리츠빌,강남구,역삼동,28,200406,180.55,180.55,266700,266800,7,37.4966849,127.0459330,https://kbland.kr/c/13658
21465,상지리츠빌역삼2차,강남구,역삼동,19,200612,142.02,188.07,224100,263800,7,37.4967520,127.0464298,https://kbland.kr/c/21465
19007,성영아파트포유,강남구,역삼동,19,200406,124.08,199.91,147700,203300,0,37.5093315,127.0420734,https://kbland.kr/c/19007
36285,"세방하이빌1,2",강남구,역삼동,67,200212,66.29,120.67,125000,140000,1,37.4972045,127.0429065,https://kbland.kr/c/36285
20433,세연예지향,강남구,역삼동,19,200308,110.61,124.98,111400,127300,1,37.4980000,127.0414265,https://kbland.kr/c/20433
21,세종빌라트,강남구,역삼동,19,199802,139.39,184.82,,,4,37.4942578,127.0388507,https://kbland.kr/c/21
47645,스타힐스(도),강남구,역삼동,27,201211,20.13,34.77,,,0,37.4944239,127.04169,https://kbland.kr/c/47645
50501,스톤엘리시온역삼,강남구,역삼동,19,202105,26.14,69.99,,,11,37.4952141,127.0392899,https://kbland.kr/c/50501
2144527,시티프라디움더강남,강남구,역삼동,106,202106,84.80,97.04,150000,150000,33,37.5073339,127.0391612,https://kbland.kr/c/2144527
383102,시티프라디움더강남2차(도),강남구,역삼동,48,202211,50.65,72.01,94700,94700,17,37.5074059,127.0383633,https://kbland.kr/c/383102
24562,쎄비앙,강남구,역삼동,29,200701,90.44,158.89,110300,177500,0,37.4958397,127.0428112,https://kbland.kr/c/24562
722497,아이리스(도),강남구,역삼동,36,201604,35.92,41.05,,,0,37.5055045,127.0456411,https://kbland.kr/c/722497
491593,아이힐2(도),강남구,역삼동,16,201605,35.89,36.59,,,0,37.5066512,127.0426796,https://kbland.kr/c/491593
800354,아하바하우스(도),강남구,역삼동,16,201604,33.91,57.05,,,0,37.4945569,127.0436639,https://kbland.kr/c/800354
25867,에벤에셀빌라트,강남구,역삼동,19,200112,40.05,164.39,95600,95600,0,37.5079605,127.0430071,https://kbland.kr/c/25867
24584,역삼(리츠빌),강남구,역삼동,15,200308,61.97,107.62,99400,107800,0,37.4937312,127.0428042,https://kbland.kr/c/24584
15141,역삼2차아이파크,강남구,역삼동,150,200812,74.98,149.58,202500,340000,28,37.4968693,127.0520489,https://kbland.kr/c/15141
26277,역삼EG소울리더(도시형),강남구,역삼동,99,201211,19.90,42.95,,,7,37.4971523,127.0335889,https://kbland.kr/c/26277
13850,역삼e-편한세상,강남구,역삼동,840,200512,79.52,108.20,277500,325000,198,37.4986315,127.0493237,https://kbland.kr/c/13850
19083,역삼노블카운티,강남구,역삼동,16,200402,90.66,123.95,,,3,37.4925828,127.0378658,https://kbland.kr/c/19083
344218,역삼더하이브(도),강남구,역삼동,14,201905,27.33,69.50,,,0,37.5043975,127.0395813,https://kbland.kr/c/344218
20671,역삼동 명인갤러리2차,강남구,역삼동,14,200411,137.16,137.68,,,10,37.4975995,127.0423155,https://kbland.kr/c/20671
37,역삼동 칼라,강남구,역삼동,19,200209,68.73,141.83,50600,87100,0,37.5046105,127.0343862,https://kbland.kr/c/37
14622,역삼동골든베리힐,강남구,역삼동,14,200412,68.29,140.46,71500,119500,1,37.5047557,127.0356172,https://kbland.kr/c/14622
25815,역삼동그린비,강남구,역삼동,12,200411,97.50,121.60,106300,116700,5,37.5068109,127.0390291,https://kbland.kr/c/25815
14789,역삼동롯데캐슬노블,강남구,역삼동,117,200704,183.02,283.08,245000,270000,9,37.4924908,127.0354243,https://kbland.kr/c/14789
23,역삼동우성빌라트,강남구,역삼동,19,199609,143.29,173.90,,,5,37.4944489,127.0390858,https://kbland.kr/c/23
13715,역삼동월드메르디앙,강남구,역삼동,93,200511,102.65,129.50,152500,162500,28,37.4929662,127.0384715,https://kbland.kr/c/13715
31,역삼동트레벨,강남구,역삼동,45,200205,33.48,36.74,54900,54900,3,37.4961624,127.0504180,https://kbland.kr/c/31
19712,역삼동프라임,강남구,역삼동,19,200505,137.40,209.71,158000,158000,3,37.5052290,127.0395245,https://kbland.kr/c/19712
13697,역삼래미안,강남구,역삼동,1050,200510,80.66,109.40,280000,330000,114,37.4978382,127.0503968,https://kbland.kr/c/13697
1076002,역삼레전드힐스(도),강남구,역삼동,46,201311,30.79,65.22,,,0,37.4962929,127.0513262,https://kbland.kr/c/1076002
2144796,역삼르비앙,강남구,역삼동,12,200311,109.11,167.34,,,5,37.4918499,127.0352856,https://kbland.kr/c/2144796
2148667,역삼리치웰빌라트(도시형),강남구,역삼동,18,201903,25.30,35.73,,,0,37.4938765,127.0387322,https://kbland.kr/c/2148667
31095,역삼미까사(도),강남구,역삼동,29,201309,30.32,61.46,,,0,37.4969645,127.0359775,https://kbland.kr/c/31095
2093603,역삼센트럴,강남구,역삼동,27,202503,50.53,74.46,,,1,37.5053312,127.0340764,https://kbland.kr/c/2093603
321194,역삼센트럴2차아이파크(도시형),강남구,역삼동,67,202206,29.77,46.15,,,17,37.4999956,127.0464376,https://kbland.kr/c/321194
2104296,역삼아르떼(도시형),강남구,역삼동,14,202006,36.26,37.08,,,0,37.5062852,127.0460495,https://kbland.kr/c/2104296
14324,역삼아이파크,강남구,역삼동,541,200609,36.27,181.03,107500,387500,56,37.4996044,127.0470607,https://kbland.kr/c/14324
21583,역삼엔스위트,강남구,역삼동,24,200501,94.32,120.31,119100,141200,3,37.5067629,127.0387196,https://kbland.kr/c/21583
13338,역삼예명,강남구,역삼동,15,200112,67.91,82.96,82500,82900,3,37.50499000,127.03842000,https://kbland.kr/c/13338
15503,역삼우성,강남구,역삼동,12,200503,123.63,123.63,138900,138900,0,37.5020613,127.0311844,https://kbland.kr/c/15503
2153197,역삼위너스하임(도시형),강남구,역삼동,38,201704,30.65,52.81,,,0,37.5069245,127.0374244,https://kbland.kr/c/2153197
22550,역삼이안애,강남구,역삼동,30,200411,97.80,125.67,114000,123700,2,37.4953654,127.0409852,https://kbland.kr/c/22550
29462,역삼자이,강남구,역삼동,408,201606,88.11,151.98,255000,362500,52,37.5007192,127.0444297,https://kbland.kr/c/29462
33,역삼카이스,강남구,역삼동,19,200205,131.51,131.51,146100,146100,0,37.4920122,127.0341979,https://kbland.kr/c/33
500737,역삼파크빌(도),강남구,역삼동,19,201312,18.82,42.70,,,0,37.4978925,127.0353003,https://kbland.kr/c/500737
13857,역삼푸르지오,강남구,역삼동,738,200601,79.41,104.40,267500,315000,96,37.4979661,127.0474785,https://kbland.kr/c/13857
19460,역삼프리마빌,강남구,역삼동,19,200309,91.90,211.72,103300,172800,6,37.4973438,127.0393993,https://kbland.kr/c/19460
26,역삼한스빌,강남구,역삼동,216,199611,45.98,86.00,30000,47500,6,37.4920011,127.0328410,https://kbland.kr/c/26
22356,예지인,강남구,역삼동,14,200807,52.43,121.45,62800,121800,3,37.4963909,127.0330445,https://kbland.kr/c/22356
26761,요진와이시티미니(도시형),강남구,역삼동,91,201206,23.10,33.05,,,0,37.4975590,127.0392721,https://kbland.kr/c/26761
35763,우리집(도),강남구,역삼동,16,201610,19.39,42.12,,,0,37.4953997,127.0348144,https://kbland.kr/c/35763
24,은하수,강남구,역삼동,63,199207,66.24,69.99,,,0,37.4974578,127.0480318,https://kbland.kr/c/24
490648,일성빌라(도),강남구,역삼동,13,201107,15.53,75.57,,,0,37.4951907,127.0346753,https://kbland.kr/c/490648
20744,정원,강남구,역삼동,19,200401,108.17,202.12,109100,180600,4,37.4965439,127.0339395,https://kbland.kr/c/20744
14407,조이너스,강남구,역삼동,28,200610,64.94,106.51,78300,120000,4,37.4959393,127.0373251,https://kbland.kr/c/14407
34,지석천평대,강남구,역삼동,14,200309,69.43,100.59,68400,99600,0,37.4941689,127.0356855,https://kbland.kr/c/34
47971,코너스톤(도),강남구,역삼동,28,201307,31.55,39.82,,,0,37.5002541,127.0287692,https://kbland.kr/c/47971
20981,탑팰리스,강남구,역삼동,19,200412,59.32,93.62,72700,119300,4,37.4995746,127.0411463,https://kbland.kr/c/20981
23288,테라힐스,강남구,역삼동,19,201003,71.90,190.33,137600,228100,0,37.4967904,127.0523213,https://kbland.kr/c/23288
25648,테헤란아이파크,강남구,역삼동,411,201401,82.91,147.12,245000,380000,42,37.5026683,127.0471178,https://kbland.kr/c/25648
18309,파크앤스위트.,강남구,역삼동,19,200308,88.11,97.40,94600,101300,0,37.4950092,127.0326665,https://kbland.kr/c/18309
25415,포스틸빌라트,강남구,역삼동,12,200409,65.60,81.04,,,1,37.4973353,127.0350341,https://kbland.kr/c/25415
23552,풍림지오빌.,강남구,역삼동,17,200211,56.51,256.34,54200,192800,3,37.5009172,127.0290165,https://kbland.kr/c/23552
42996,풍성애뜨란(도),강남구,역삼동,20,201806,31.64,34.81,,,2,37.4963023,127.0506194,https://kbland.kr/c/42996
39681,프리빌리지(도).,강남구,역삼동,27,201711,26.64,66.44,55400,72400,14,37.4999073,127.0413032,https://kbland.kr/c/39681
15502,프리우스역삼,강남구,역삼동,27,200606,88.16,104.21,113800,134900,4,37.5011942,127.0312001,https://kbland.kr/c/15502
20259,플래티늄,강남구,역삼동,19,200305,49.86,121.79,57700,115400,0,37.4985571,127.0423355,https://kbland.kr/c/20259
41156,하우스템(도).,강남구,역삼동,23,201007,19.99,31.77,,,0,37.5068103,127.0422385,https://kbland.kr/c/41156
20746,한양럭스,강남구,역삼동,18,200310,54.38,157.28,,,0,37.5042697,127.0345829,https://kbland.kr/c/20746
17,현대까르띠에710,강남구,역삼동,137,200111,199.67,295.17,370000,460000,24,37.5017200,127.0445909,https://kbland.kr/c/17
25891,현대이스트빌,강남구,역삼동,12,199906,275.49,275.84,246700,246700,0,37.4985104,127.0410242,https://kbland.kr/c/25891
24688,현대하이츠,강남구,역삼동,12,200409,70.66,124.74,80200,122400,4,37.4963576,127.0422278,https://kbland.kr/c/24688
391367,휴먼스빌(도),강남구,역삼동,14,201309,37.59,47.50,,,0,37.4965677,127.0334102,https://kbland.kr/c/391367
29886,강남한신휴플러스6단지,강남구,율현동,378,201509,85.94,120.72,145000,172500,18,37.4676055,127.1054675,https://kbland.kr/c/29886
30186,강남한신휴플러스8단지,강남구,율현동,169,201509,141.18,157.83,,,7,37.4697154,127.1105913,https://kbland.kr/c/30186
132,가람,강남구,일원동,496,199303,90.35,100.94,287500,315000,26,37.4825337,127.0852123,https://kbland.kr/c/132
123,개포한신,강남구,일원동,364,198403,87.45,114.51,280000,300000,14,37.4913385,127.0795978,https://kbland.kr/c/123
380699,골든빌(도),강남구,일원동,10,202010,35.89,40.61,,,0,37.4912602,127.0828732,https://kbland.kr/c/380699
385933,꿈지을(도),강남구,일원동,10,202105,16.45,35.11,,,0,37.4945442,127.0845061,https://kbland.kr/c/385933
425225,꿈피엠(도),강남구,일원동,10,202104,16.10,34.69,,,0,37.494521,127.0840536,https://kbland.kr/c/425225
40929,디에이치자이개포,강남구,일원동,1996,202107,81.76,226.11,320000,515000,173,37.4911825,127.0752063,https://kbland.kr/c/40929
45353,디에이치포레센트,강남구,일원동,184,202101,80.62,149.89,320000,355000,33,37.489848,127.0783508,https://kbland.kr/c/45353
33251,래미안개포루체하임,강남구,일원동,850,201811,86.17,215.53,275000,350000,166,37.4895831,127.0798116,https://kbland.kr/c/33251
133,목련타운,강남구,일원동,650,199309,121.11,158.71,305000,325000,34,37.4852963,127.0859023,https://kbland.kr/c/133
129,삼성사원.,강남구,일원동,80,198611,77.27,103.57,170000,210000,2,37.4933352,127.0837688,https://kbland.kr/c/129
134,상록수,강남구,일원동,740,199303,90.12,101.40,275000,310000,50,37.4819338,127.0822120,https://kbland.kr/c/134
131,샘터마을,강남구,일원동,628,199402,119.77,179.36,275000,330000,19,37.4850193,127.0827170,https://kbland.kr/c/131
126,수서,강남구,일원동,720,199211,58.75,88.11,147500,185000,50,37.4930618,127.0895748,https://kbland.kr/c/126
121,우성7차(개포),강남구,일원동,802,198712,76.50,105.58,267500,322500,34,37.4909611,127.0777147,https://kbland.kr/c/121
127,청솔빌리지,강남구,일원동,291,199312,79.81,79.81,252500,252500,21,37.4807225,127.0828713,https://kbland.kr/c/127
130,푸른마을,강남구,일원동,930,199401,82.14,103.49,220000,245000,119,37.4847112,127.0813300,https://kbland.kr/c/130
135,한솔마을,강남구,일원동,570,199406,84.72,110.26,257500,285000,63,37.4823567,127.0775144,https://kbland.kr/c/135
124,현대4차.,강남구,일원동,142,198702,91.60,106.65,247500,260000,9,37.49078000,127.07764000,https://kbland.kr/c/124
125,호정빌라트,강남구,일원동,19,199501,150.39,166.86,,,0,37.4906709,127.0829758,https://kbland.kr/c/125
27268,LH강남브리즈힐,강남구,자곡동,402,201411,102.40,117.53,122500,133500,54,37.4728996,127.0908129,https://kbland.kr/c/27268
353888,강남리브엘(도시형),강남구,자곡동,96,201311,81.41,81.62,,,15,37.4725301,127.1008167,https://kbland.kr/c/353888
31944,강남자곡아이파크,강남구,자곡동,716,201410,81.53,115.52,182500,227500,73,37.4746675,127.1016563,https://kbland.kr/c/31944
429058,강남자곡힐스테이트,강남구,자곡동,1339,201506,73.91,120.05,127500,165000,100,37.4711684,127.0884318,https://kbland.kr/c/429058
28602,강남한양수자인,강남구,자곡동,1304,201403,81.64,154.34,185000,231000,43,37.4766621,127.1128067,https://kbland.kr/c/28602
47865,디아크리온강남,강남구,자곡동,597,202306,72.78,86.77,,,0,37.4769652,127.1071426,https://kbland.kr/c/47865
26542,래미안강남힐즈,강남구,자곡동,1020,201406,118.80,132.06,225000,237500,34,37.4739343,127.0941355,https://kbland.kr/c/26542
28601,래미안포레,강남구,자곡동,1070,201403,85.07,141.40,170000,212500,6,37.475497,127.1097561,https://kbland.kr/c/28601
646439,J&M하우스(도).,강남구,청담동,12,201207,20.06,56.16,,,0,37.5194102,127.0440329,https://kbland.kr/c/646439
293575,PH129,강남구,청담동,29,202008,332.88,495.42,,,87,37.5260538,127.0543116,https://kbland.kr/c/293575
43765,T.S.,강남구,청담동,8,199807,176.70,222.06,,,8,37.5279705,127.047144,https://kbland.kr/c/43765
25743,강변상지리츠빌,강남구,청담동,12,200106,166.36,196.23,,,3,37.5280070,127.0506028,https://kbland.kr/c/25743
65,건영,강남구,청담동,240,199409,104.51,105.06,370000,370000,23,37.5275239,127.0521589,https://kbland.kr/c/65
70,구산,강남구,청담동,37,199311,75.06,144.54,213300,213300,13,37.52668000,127.05395000,https://kbland.kr/c/70
20335,뉴현대리버빌,강남구,청담동,15,199612,144.04,201.03,205600,244200,1,37.5242550,127.0557639,https://kbland.kr/c/20335
86,대림(e-편한세상),강남구,청담동,271,200212,87.20,165.32,252500,315000,29,37.5206594,127.0478564,https://kbland.kr/c/86
24805,대우로얄카운티II,강남구,청담동,13,200204,235.03,263.21,,,21,37.5261445,127.0475718,https://kbland.kr/c/24805
88,대우로얄카운티III,강남구,청담동,19,200310,261.83,300.19,,,0,37.5258242,127.0480849,https://kbland.kr/c/88
12230,대우로얄카운티V,강남구,청담동,12,200310,244.85,276.67,,,10,37.5226053,127.0522890,https://kbland.kr/c/12230
24551,대우리츠카운티,강남구,청담동,19,200110,179.45,280.25,,,0,37.5266384,127.0484819,https://kbland.kr/c/24551
11959,대우멤버스카운티Ⅱ,강남구,청담동,17,200306,152.57,173.95,249300,277600,0,37.5226076,127.0514631,https://kbland.kr/c/11959
40098,"더헤리움(A동,도시형)",강남구,청담동,10,201704,48.68,68.97,,,3,37.5236654,127.0526801,https://kbland.kr/c/40098
39488,더헤리움(B동),강남구,청담동,8,201706,40.64,57.87,,,2,37.5236466,127.0525288,https://kbland.kr/c/39488
31059,동궁빌리지.,강남구,청담동,16,199311,139.29,147.77,,,4,37.5243245,127.0431375,https://kbland.kr/c/31059
43435,두산,강남구,청담동,12,199606,235.35,245.52,,,0,37.526672,127.0474027,https://kbland.kr/c/43435
2095060,레이어청담(도시형),강남구,청담동,28,202509,58.77,79.60,,,6,37.5246009,127.0476872,https://kbland.kr/c/2095060
1849065,루시아청담546더리버,강남구,청담동,15,202512,185.85,185.85,,,24,37.5244789,127.0535169,https://kbland.kr/c/1849065
24310,"마크힐스1,2단지",강남구,청담동,38,201007,260.18,388.14,,,11,37.5246467,127.0551707,https://kbland.kr/c/24310
71,목화,강남구,청담동,19,199205,149.56,260.04,285000,285000,1,37.5281437,127.0499029,https://kbland.kr/c/71
23267,빌폴라리스,강남구,청담동,19,200910,203.81,203.81,,,22,37.5255093,127.0537456,https://kbland.kr/c/23267
91,삼성청담(래미안),강남구,청담동,217,199910,86.34,163.55,205000,300000,21,37.5181209,127.0425945,https://kbland.kr/c/91
84,삼성청담공원,강남구,청담동,391,199908,81.95,132.18,202500,272500,33,37.5222677,127.0502661,https://kbland.kr/c/84
73,삼호빌라,강남구,청담동,45,199706,192.43,256.11,250300,431300,8,37.5272626,127.0487907,https://kbland.kr/c/73
83,삼환,강남구,청담동,184,199911,40.47,148.99,100500,259000,5,37.52150000,127.04767000,https://kbland.kr/c/83
24879,상지리츠빌10차.,강남구,청담동,17,200709,174.04,203.87,,,6,37.5260510,127.0493944,https://kbland.kr/c/24879
24327,상지리츠빌4차,강남구,청담동,38,200009,196.18,281.45,378500,411200,2,37.5278620,127.0482627,https://kbland.kr/c/24327
24243,상지리츠빌5차,강남구,청담동,52,200102,150.00,263.51,,,12,37.5263929,127.0521832,https://kbland.kr/c/24243
18012,상지리츠빌6차,강남구,청담동,19,200202,168.21,256.07,,,4,37.5277528,127.0503684,https://kbland.kr/c/18012
25547,상지리츠빌9차,강남구,청담동,12,200404,196.02,219.25,,,0,37.5269129,127.0478901,https://kbland.kr/c/25547
21756,상지리츠빌카일룸2차,강남구,청담동,15,200608,281.60,281.60,,,17,37.5264597,127.0542880,https://kbland.kr/c/21756
25246,상지리츠빌카일룸3차,강남구,청담동,19,200907,248.00,345.79,,,20,37.5255418,127.0533040,https://kbland.kr/c/25246
23542,상지카일룸,강남구,청담동,17,200312,272.71,305.46,,,17,37.5268556,127.0542151,https://kbland.kr/c/23542
74,신동아,강남구,청담동,106,199702,103.81,103.81,300000,300000,47,37.5229904,127.0587665,https://kbland.kr/c/74
85,씨티2차.,강남구,청담동,37,199207,97.87,242.41,226500,316200,25,37.5284254,127.0488438,https://kbland.kr/c/85
75,씨티3차,강남구,청담동,19,199602,166.54,263.90,,,0,37.5282241,127.0495818,https://kbland.kr/c/75
380454,아노스카운티빌라트,강남구,청담동,5,200307,183.20,252.08,,,0,37.5248491,127.0428083,https://kbland.kr/c/380454
303522,에비뉴나인티(도),강남구,청담동,28,202009,65.85,68.31,104300,106500,8,37.5251856,127.0425628,https://kbland.kr/c/303522
48354,에테르노청담,강남구,청담동,29,202312,306.82,627.34,,,57,37.5277155,127.0512397,https://kbland.kr/c/48354
77,엘지빌라,강남구,청담동,11,199801,263.42,263.42,,,2,37.528287,127.0482128,https://kbland.kr/c/77
29304,연세2차,강남구,청담동,13,199712,147.69,147.69,,,3,37.5286696,127.0478451,https://kbland.kr/c/29304
78,연세리버빌,강남구,청담동,19,199601,266.58,275.19,,,0,37.5287567,127.0474707,https://kbland.kr/c/78
25144,연세리버빌3차,강남구,청담동,19,199901,226.86,263.82,,,8,37.5284290,127.0481763,https://kbland.kr/c/25144
24824,연세리버테라스,강남구,청담동,19,200303,269.49,271.12,,,13,37.5288577,127.0465869,https://kbland.kr/c/24824
24994,연세힐하우스I,강남구,청담동,18,200312,120.70,211.20,244300,244300,0,37.5283703,127.0476000,https://kbland.kr/c/24994
25504,연세힐하우스II,강남구,청담동,6,200402,186.79,268.47,,,6,37.5283718,127.0477923,https://kbland.kr/c/25504
23181,우성,강남구,청담동,25,200502,74.11,131.09,117700,179700,0,37.5218044,127.0468237,https://kbland.kr/c/23181
2145818,워너청담,강남구,청담동,16,202512,247.85,457.48,,,0,37.5278679,127.050812,https://kbland.kr/c/2145818
27625,이니그마빌II,강남구,청담동,16,200211,278.58,330.80,,,1,37.5251967,127.0429114,https://kbland.kr/c/27625
29142,이니그마빌Ⅰ,강남구,청담동,14,200103,271.08,271.22,,,0,37.5255629,127.0436195,https://kbland.kr/c/29142
60,진흥,강남구,청담동,375,198407,107.19,180.67,340000,545000,35,37.5201118,127.0514721,https://kbland.kr/c/60
15898,청담2차 e-편한세상(204동),강남구,청담동,41,200512,96.90,174.43,159300,257500,10,37.5206998,127.0450504,https://kbland.kr/c/15898
21435,청담2차 e-편한세상(205동),강남구,청담동,41,200701,96.52,144.98,200900,279000,8,37.5208440,127.0461685,https://kbland.kr/c/21435
14186,청담2차e-편한세상,강남구,청담동,142,200604,103.39,193.59,217500,263000,28,37.5214144,127.0453920,https://kbland.kr/c/14186
21434,청담3차 e-편한세상,강남구,청담동,49,200712,89.48,180.14,202300,289900,0,37.5185956,127.0455749,https://kbland.kr/c/21434
21791,청담4차e-편한세상,강남구,청담동,94,201010,106.23,160.85,247500,322500,42,37.5206337,127.0469065,https://kbland.kr/c/21791
22483,청담8차 상지리츠빌,강남구,청담동,18,200311,207.80,294.23,,,0,37.5257293,127.0486066,https://kbland.kr/c/22483
30909,청담CJ빌리지,강남구,청담동,11,200404,171.37,172.62,300600,300600,19,37.5268023,127.0498148,https://kbland.kr/c/30909
36037,청담갤러리파크,강남구,청담동,6,201703,197.44,266.27,,,5,37.5233369,127.0535513,https://kbland.kr/c/36037
20821,청담대우로얄카운티6차,강남구,청담동,12,200510,179.25,206.49,,,0,37.5278630,127.0461470,https://kbland.kr/c/20821
27415,청담대우로얄카운티Ⅰ,강남구,청담동,17,199910,236.98,265.13,,,1,37.5264464,127.0481449,https://kbland.kr/c/27415
13134,청담대우멤버스카운티10차,강남구,청담동,15,200405,151.64,185.42,228800,277900,0,37.5266912,127.0505742,https://kbland.kr/c/13134
12704,청담대우멤버스카운티11차,강남구,청담동,18,200404,156.01,183.28,253500,313600,0,37.5261546,127.0499475,https://kbland.kr/c/12704
13135,청담대우멤버스카운티8차,강남구,청담동,10,200407,124.81,153.30,,,0,37.5273706,127.0510181,https://kbland.kr/c/13135
13136,청담대우멤버스카운티9차,강남구,청담동,10,200404,97.09,136.45,,,1,37.5268761,127.0511489,https://kbland.kr/c/13136
11961,청담대우멤버스카운티V,강남구,청담동,19,200307,170.31,185.53,,,7,37.5273126,127.0505324,https://kbland.kr/c/11961
12706,청담대우멤버스카운티VI,강남구,청담동,19,200406,162.15,213.86,,,0,37.5270806,127.0508069,https://kbland.kr/c/12706
12705,청담대우멤버스카운티Vll,강남구,청담동,19,200404,158.89,187.69,339300,339300,0,37.5270843,127.0512707,https://kbland.kr/c/12705
14272,청담대우멤버스카운티XII,강남구,청담동,16,200506,148.44,213.71,249200,296500,6,37.5265595,127.0509945,https://kbland.kr/c/14272
11960,청담대우멤버스카운티Ⅲ,강남구,청담동,19,200306,165.88,181.80,,,0,37.5267605,127.0503005,https://kbland.kr/c/11960
12508,청담대우유로카운티,강남구,청담동,196,200310,99.92,213.46,257500,355000,66,37.5235965,127.0500591,https://kbland.kr/c/12508
34518,청담동빌라,강남구,청담동,18,199507,183.75,239.63,,,23,37.5273300,127.0448640,https://kbland.kr/c/34518
72,청담동삼성1차,강남구,청담동,158,199712,79.10,112.37,182500,225000,19,37.5195142,127.0477465,https://kbland.kr/c/72
14265,청담동양파라곤,강남구,청담동,92,200603,204.84,290.11,580000,640000,80,37.5217688,127.0547318,https://kbland.kr/c/14265
39571,청담디에브스,강남구,청담동,18,201708,60.24,152.35,62000,97000,0,37.5228615,127.0491461,https://kbland.kr/c/39571
36781,청담래미안로이뷰,강남구,청담동,177,201401,136.11,136.11,335000,335000,122,37.5248208,127.0559809,https://kbland.kr/c/36781
2092593,청담르엘,강남구,청담동,1261,202511,82.01,290.90,,,514,37.5218534,127.0590765,https://kbland.kr/c/2092593
31711,청담린든그로브,강남구,청담동,114,201708,114.36,277.45,310000,310000,43,37.5227518,127.0536476,https://kbland.kr/c/31711
34201,청담마크노빌,강남구,청담동,12,200806,292.02,357.49,,,8,37.5255062,127.0421834,https://kbland.kr/c/34201
26434,청담매스터빌,강남구,청담동,19,199409,204.09,274.11,275000,275000,1,37.5275234,127.0442733,https://kbland.kr/c/26434
21847,청담범신칼릭스빌,강남구,청담동,18,200605,104.55,104.55,176900,176900,3,37.5252518,127.0507869,https://kbland.kr/c/21847
22865,청담범신칼릭스빌2차,강남구,청담동,18,200705,121.47,121.47,210200,210200,9,37.5266827,127.0517509,https://kbland.kr/c/22865
25968,청담범신칼릭스빌3차,강남구,청담동,12,201112,55.78,55.82,,,0,37.5222292,127.0492280,https://kbland.kr/c/25968
48144,청담브르넨,강남구,청담동,8,201910,204.36,257.62,,,0,37.5272809,127.047788,https://kbland.kr/c/48144
24702,청담상지리츠빌3차,강남구,청담동,24,199906,202.62,278.52,,,15,37.5262763,127.0488143,https://kbland.kr/c/24702
30496,청담스위트(도시형),강남구,청담동,124,201504,19.28,22.62,,,11,37.5192863,127.0474214,https://kbland.kr/c/30496
41207,청담스테이,강남구,청담동,16,201602,30.26,33.83,,,4,37.5191891,127.0422922,https://kbland.kr/c/41207
29800,청담아르지움(도),강남구,청담동,29,201502,24.74,67.93,,,2,37.5197881,127.0481956,https://kbland.kr/c/29800
67,청담아이파크(청구),강남구,청담동,108,201402,137.01,137.11,325000,325000,77,37.5252611,127.0553779,https://kbland.kr/c/67
48108,청담어퍼하우스,강남구,청담동,18,201911,225.49,313.26,,,48,37.5210287,127.0505066,https://kbland.kr/c/48108
29428,청담연세파크빌,강남구,청담동,18,199909,264.25,266.66,,,0,37.5223373,127.0514665,https://kbland.kr/c/29428
20418,청담영풍마드레빌,강남구,청담동,49,200310,103.39,147.24,222900,222900,5,37.5191559,127.0446628,https://kbland.kr/c/20418
80,청담우방,강남구,청담동,100,199910,83.51,149.27,213000,263000,18,37.5180248,127.0440777,https://kbland.kr/c/80
62,청담자이,강남구,청담동,708,201110,70.80,120.58,262500,495000,339,37.5242355,127.0567145,https://kbland.kr/c/62
615704,청담클래스(도),강남구,청담동,16,201903,35.61,35.75,,,1,37.521095,127.0442228,https://kbland.kr/c/615704
24280,청담파라곤Ⅱ 1단지,강남구,청담동,18,201004,174.06,291.05,,,0,37.5286860,127.0465325,https://kbland.kr/c/24280
24281,청담파라곤Ⅱ2단지,강남구,청담동,17,201004,164.82,254.27,,,10,37.5286183,127.0470764,https://kbland.kr/c/24281
27685,청담파크빌,강남구,청담동,10,200401,71.28,93.49,91400,120700,14,37.5190355,127.0487255,https://kbland.kr/c/27685
31215,청담포레,강남구,청담동,11,200009,185.55,267.54,237200,336800,1,37.5225767,127.0520970,https://kbland.kr/c/31215
64,청담현대3차,강남구,청담동,317,199906,91.43,142.19,227500,400000,52,37.5273536,127.0533942,https://kbland.kr/c/64
31227,청담현대빌라트,강남구,청담동,16,199811,179.80,196.53,,,0,37.5266613,127.0490925,https://kbland.kr/c/31227
21386,청담휴먼스타빌,강남구,청담동,191,200504,48.42,258.36,,,19,37.5237717,127.0460860,https://kbland.kr/c/21386
79,청담힐,강남구,청담동,30,199704,171.61,227.31,,,3,37.5274944,127.0484823,https://kbland.kr/c/79
89,프레힐청담,강남구,청담동,16,199801,145.21,197.39,,,5,37.5229722,127.0514189,https://kbland.kr/c/89
27042,하우스에딘브로우,강남구,청담동,16,200410,183.11,183.11,,,5,37.5203853,127.0440476,https://kbland.kr/c/27042
87,한신오페라하우스(1차),강남구,청담동,63,200211,101.53,160.24,212500,242500,17,37.5192363,127.0456912,https://kbland.kr/c/87
13829,한신오페라하우스2차,강남구,청담동,42,200512,108.53,177.62,191200,298200,3,37.5189926,127.0456377,https://kbland.kr/c/13829
48138,헤스티아,강남구,청담동,4,201211,135.91,184.03,,,0,37.5233636,127.0523354,https://kbland.kr/c/48138
68,현대(1차),강남구,청담동,96,198212,103.32,172.47,265000,380000,7,37.5195363,127.0510132,https://kbland.kr/c/68
69,현대(2차),강남구,청담동,214,198805,97.75,97.90,240000,240000,16,37.5215932,127.0407741,https://kbland.kr/c/69
81,현대(43-1),강남구,청담동,19,199206,166.51,174.24,218700,244700,0,37.5183985,127.0446046,https://kbland.kr/c/81
82,현대한강.,강남구,청담동,18,199207,154.86,204.25,,,0,37.5281303,127.0502505,https://kbland.kr/c/82
20627,호원,강남구,청담동,12,199912,276.40,276.66,526700,526700,0,37.5267809,127.0471564,https://kbland.kr/c/20627
45225,효성청담101,강남구,청담동,35,201904,256.96,315.31,,,13,37.5282109,127.0464679,https://kbland.kr/c/45225
385925,효성청담101 2차,강남구,청담동,28,202203,242.28,311.03,,,15,37.5275444,127.0470775,https://kbland.kr/c/385925
28957,서초더샵포레,서초구,내곡동,1264,201408,80.70,153.10,160000,200000,91,37.4526536,127.0634502,https://kbland.kr/c/28957
29663,서초포레스타2단지,서초구,내곡동,1077,201506,87.56,124.35,160000,187500,33,37.4555537,127.0609617,https://kbland.kr/c/29663
48262,강남원효성,서초구,반포동,107,198411,152.76,254.39,,,2,37.495959,126.9960817,https://kbland.kr/c/48262
27554,골드넛멤버스빌리지,서초구,반포동,5,200409,81.75,183.39,,,0,37.4961156,126.9999695,https://kbland.kr/c/27554
21906,그랑빌.,서초구,반포동,16,200109,260.25,291.73,,,10,37.4972588,126.9945372,https://kbland.kr/c/21906
1585,그레메빌.,서초구,반포동,7,199702,270.45,270.45,,,5,37.4968971,126.9933207,https://kbland.kr/c/1585
1059529,그린피아,서초구,반포동,5,200311,98.36,98.59,,,0,37.4985597,127.0098268,https://kbland.kr/c/1059529
24875,금정노블,서초구,반포동,15,200205,73.09,109.52,104300,141600,3,37.4958277,127.0010929,https://kbland.kr/c/24875
614721,노바월드(도),서초구,반포동,21,201112,23.50,51.98,,,0,37.5097913,127.0182604,https://kbland.kr/c/614721
1024507,노블하우스,서초구,반포동,15,200203,124.69,214.21,134200,216600,0,37.4960363,126.9967383,https://kbland.kr/c/1024507
345951,노블하우스2,서초구,반포동,12,200306,93.22,177.88,104300,182100,0,37.4971624,126.9971465,https://kbland.kr/c/345951
1586,다우탑스빌라트,서초구,반포동,14,199704,127.43,179.28,,,2,37.5004146,127.0108405,https://kbland.kr/c/1586
30585,대백세인트빌,서초구,반포동,11,200304,123.65,166.51,135000,173700,1,37.4953163,126.9992225,https://kbland.kr/c/30585
12909,대성유니드,서초구,반포동,45,200410,119.08,153.47,173900,238000,0,37.5000273,127.0097340,https://kbland.kr/c/12909
352766,더샵반포리버파크,서초구,반포동,140,202207,70.18,71.74,,,20,37.4985922,126.9925315,https://kbland.kr/c/352766
20826,덕동반포빌라트,서초구,반포동,24,200504,103.74,171.51,118200,168100,11,37.4966414,127.0003470,https://kbland.kr/c/20826
435722,동성라벨뷰,서초구,반포동,10,200507,137.90,193.03,171800,179600,1,37.4955355,126.9975767,https://kbland.kr/c/435722
37155,드림펠리스,서초구,반포동,10,200508,121.17,155.53,152000,152600,0,37.4951023,127.0011826,https://kbland.kr/c/37155
44454,디에이치반포라클라스,서초구,반포동,848,202106,69.11,173.86,265000,525000,126,37.5009738,127.0146974,https://kbland.kr/c/44454
1587,라인,서초구,반포동,85,199511,83.04,126.13,175000,212500,3,37.4988914,127.0000456,https://kbland.kr/c/1587
20993,랑쉐빌,서초구,반포동,10,200311,152.44,200.70,191000,226600,0,37.4965251,126.9968361,https://kbland.kr/c/20993
381587,래미안원베일리,서초구,반포동,2990,202308,62.68,315.67,445000,925000,1520,37.5067996,126.9981852,https://kbland.kr/c/381587
1095811,래미안원펜타스,서초구,반포동,641,202408,79.76,285.37,,,124,37.5038691,126.9936228,https://kbland.kr/c/1095811
21363,래미안퍼스티지,서초구,반포동,2444,200907,86.57,268.80,400000,880000,509,37.5030053,126.9997235,https://kbland.kr/c/21363
29839,레베빌,서초구,반포동,22,199807,274.69,276.37,,,8,37.4953641,126.9995498,https://kbland.kr/c/29839
800339,레이나(도),서초구,반포동,40,202011,30.89,34.95,,,1,37.4969754,126.9999464,https://kbland.kr/c/800339
1075803,리더스빌,서초구,반포동,19,200409,143.53,271.19,154900,324100,2,37.4956561,127.000172,https://kbland.kr/c/1075803
1602,몽마르뜨빌,서초구,반포동,20,200208,54.31,92.01,68300,99300,0,37.4948129,126.9993649,https://kbland.kr/c/1602
2099931,몽마르뜨파크,서초구,반포동,7,200501,127.72,155.63,,,0,37.4939534,127.0006235,https://kbland.kr/c/2099931
12275,반포3차상지리츠빌,서초구,반포동,37,200112,175.00,256.96,247500,349700,23,37.4979477,127.0003296,https://kbland.kr/c/12275
14674,반포SK뷰,서초구,반포동,63,200612,230.06,285.30,,,4,37.4977471,126.9936825,https://kbland.kr/c/14674
20483,반포SK아펠바움,서초구,반포동,18,200503,184.05,198.89,192300,192300,3,37.4950402,127.0017367,https://kbland.kr/c/20483
34483,반포TS프리우스.,서초구,반포동,12,200511,155.00,155.00,198300,198300,0,37.4983513,127.0000980,https://kbland.kr/c/34483
24298,반포대우멤버스카운티1차,서초구,반포동,19,200309,110.72,131.60,137000,144300,3,37.4980220,126.9952734,https://kbland.kr/c/24298
24302,반포대우멤버스카운티2차,서초구,반포동,12,200411,157.20,218.48,,,0,37.4958515,126.9964560,https://kbland.kr/c/24302
1597,반포두산힐스빌,서초구,반포동,76,200109,63.14,90.52,132000,145000,0,37.5013720,127.0099876,https://kbland.kr/c/1597
31983,반포래미안아이파크,서초구,반포동,829,201808,77.27,196.96,310000,560000,211,37.5018786,127.0134105,https://kbland.kr/c/31983
2140518,반포래미안트리니원,서초구,반포동,2091,202608,78.26,216.58,,,449,37.5003824,126.9885167,https://kbland.kr/c/2140518
14748,반포롯데캐슬오스카,서초구,반포동,7,200701,150.96,244.01,,,0,37.4965200,126.9977249,https://kbland.kr/c/14748
30699,반포루이캐슬,서초구,반포동,18,200609,111.41,182.01,136400,187800,0,37.4980452,127.0011991,https://kbland.kr/c/30699
23387,반포리체,서초구,반포동,1119,201010,84.73,172.28,342500,500000,138,37.5037620,127.0134848,https://kbland.kr/c/23387
1576,반포미도(1차),서초구,반포동,1260,198611,110.46,110.46,400000,400000,205,37.5013521,127.0087973,https://kbland.kr/c/1576
1596,반포미도2차,서초구,반포동,435,198905,76.99,92.94,270000,302500,49,37.5025041,127.0074619,https://kbland.kr/c/1596
1588,반포빌라트.,서초구,반포동,14,199506,214.55,220.03,289800,289800,0,37.4983761,126.9998376,https://kbland.kr/c/1588
20392,반포샤인힐4차,서초구,반포동,13,200306,183.19,279.07,183800,313300,0,37.4947788,127.0006545,https://kbland.kr/c/20392
37156,반포서래빌,서초구,반포동,18,200309,95.24,174.80,144200,144200,0,37.4950716,126.9990285,https://kbland.kr/c/37156
20641,반포서래월드메르디앙라스칼라,서초구,반포동,36,200501,109.91,152.49,175800,205200,15,37.4973169,127.0011534,https://kbland.kr/c/20641
47483,반포센트레빌아스테리움,서초구,반포동,108,202108,76.55,114.47,337500,337500,3,37.5032892,127.0161802,https://kbland.kr/c/47483
31997,반포써밋,서초구,반포동,764,201809,77.86,170.68,307500,482500,298,37.5015603,127.0179526,https://kbland.kr/c/31997
18539,반포쎄레노,서초구,반포동,19,200204,81.87,165.61,87400,165100,0,37.5041196,127.0196441,https://kbland.kr/c/18539
26393,반포아펠바움2차,서초구,반포동,19,200706,243.48,267.97,,,5,37.497159,126.9927348,https://kbland.kr/c/26393
36076,반포이안애1차,서초구,반포동,11,200311,169.74,220.39,,,2,37.4947032,126.9964826,https://kbland.kr/c/36076
15891,반포자이,서초구,반포동,3410,200812,84.23,301.38,363333,783333,693,37.5077842,127.0144843,https://kbland.kr/c/15891
20237,반포파크아파트1동,서초구,반포동,12,200211,119.29,198.88,200900,212600,0,37.5057173,126.9953173,https://kbland.kr/c/20237
19756,반포팰리스,서초구,반포동,18,200405,99.76,124.81,115500,137500,0,37.5060490,127.0186915,https://kbland.kr/c/19756
1584,반포푸르지오,서초구,반포동,237,200011,64.17,108.81,150000,310000,38,37.5037573,126.9958186,https://kbland.kr/c/1584
43202,반포피카소빌,서초구,반포동,19,200402,138.09,203.09,168900,229900,0,37.496334,127.0001731,https://kbland.kr/c/43202
23679,"반포훼밀리(101동,102동)",서초구,반포동,76,200210,90.42,126.39,135000,170000,2,37.5077346,127.0176854,https://kbland.kr/c/23679
12015,"반포훼밀리(103,104동)",서초구,반포동,47,200301,123.59,127.51,173300,193600,2,37.5090537,127.0170347,https://kbland.kr/c/12015
22577,반포훼밀리(49-6),서초구,반포동,14,199202,129.55,153.68,160200,163200,2,37.4998773,127.0101092,https://kbland.kr/c/22577
22428,반포힐스테이트,서초구,반포동,397,201109,86.60,190.99,340000,570000,76,37.5015407,126.9968775,https://kbland.kr/c/22428
29556,베로니스6차,서초구,반포동,11,200802,158.16,190.81,319800,319800,4,37.4967598,127.0015668,https://kbland.kr/c/29556
21459,보아스힐,서초구,반포동,13,200609,78.57,117.68,100800,145200,0,37.5092447,127.0172471,https://kbland.kr/c/21459
1603,브리앙뜨,서초구,반포동,17,200205,139.53,218.46,184800,247000,5,37.4974032,126.9956209,https://kbland.kr/c/1603
434159,브리앙뜨3차,서초구,반포동,11,200302,138.29,205.82,143600,143600,0,37.4960261,126.9973404,https://kbland.kr/c/434159
477458,비버리힐즈,서초구,반포동,8,199806,245.40,285.35,,,2,37.4968561,126.9929407,https://kbland.kr/c/477458
40715,비엥에뜨르,서초구,반포동,9,200406,94.17,155.14,,,0,37.4949867,126.9995185,https://kbland.kr/c/40715
18543,산호.,서초구,반포동,16,200201,70.35,100.11,,,3,37.5045732,127.0210972,https://kbland.kr/c/18543
20670,삼광,서초구,반포동,8,200310,89.00,171.72,,,0,37.4936254,127.0009129,https://kbland.kr/c/20670
1606,삼성에이스빌,서초구,반포동,19,200209,98.01,114.73,116300,116300,0,37.5064591,127.0203374,https://kbland.kr/c/1606
42263,삼정,서초구,반포동,9,200211,78.35,141.74,,,1,37.4935063,127.0009354,https://kbland.kr/c/42263
1601,삼창골든,서초구,반포동,84,199406,107.38,287.31,,,8,37.4940389,126.9973397,https://kbland.kr/c/1601
1580,삼호가든5차.,서초구,반포동,168,198512,115.60,179.94,307500,445000,32,37.5041872,127.0117121,https://kbland.kr/c/1580
26838,상지리츠빌2차,서초구,반포동,14,200404,162.02,179.21,222800,244400,1,37.4944382,126.9966106,https://kbland.kr/c/26838
28043,새서울,서초구,반포동,12,199409,148.19,148.19,170000,170000,3,37.4998158,127.0113766,https://kbland.kr/c/28043
26571,새티스,서초구,반포동,10,200302,47.99,96.83,80800,97700,1,37.4975073,126.9919667,https://kbland.kr/c/26571
864001,서래더하임(도),서초구,반포동,19,202105,27.93,49.25,,,0,37.4971719,127.0004074,https://kbland.kr/c/864001
29174,서래루체,서초구,반포동,12,201309,133.69,144.87,154200,207300,0,37.4968663,126.9949948,https://kbland.kr/c/29174
44678,서래마을더루첸티,서초구,반포동,6,201812,158.98,200.30,,,3,37.4964617,126.9972293,https://kbland.kr/c/44678
42923,서래아르드빌,서초구,반포동,15,200804,210.75,267.70,,,16,37.4952214,126.9985827,https://kbland.kr/c/42923
323748,서초블랑빌.,서초구,반포동,9,200310,93.47,159.95,,,0,37.4982328,126.9971468,https://kbland.kr/c/323748
26960,선데일,서초구,반포동,12,200607,259.57,271.80,,,6,37.4962224,126.9934541,https://kbland.kr/c/26960
12466,솔레뉴,서초구,반포동,15,200403,93.11,138.17,138800,176600,0,37.5015482,127.0105847,https://kbland.kr/c/12466
1604,신구노빌리티,서초구,반포동,16,200302,266.11,296.99,,,0,37.4944862,127.0012126,https://kbland.kr/c/1604
1578,신반포궁전,서초구,반포동,108,198402,128.67,225.47,292500,402500,0,37.5003646,127.0005688,https://kbland.kr/c/1578
23677,신성리더스카운티,서초구,반포동,18,200307,147.35,237.05,172800,257700,12,37.5006876,127.0111163,https://kbland.kr/c/23677
25793,써니힐.,서초구,반포동,10,200309,68.93,101.64,77100,119100,0,37.5091125,127.0175994,https://kbland.kr/c/25793
31874,아델스빌1,서초구,반포동,11,200712,245.65,268.58,,,0,37.4969818,126.9937493,https://kbland.kr/c/31874
28770,아크로리버파크,서초구,반포동,1612,201608,78.68,318.75,415000,895000,556,37.5060893,126.9933124,https://kbland.kr/c/28770
36737,에이아이디차관,서초구,반포동,1490,197403,74.07,74.07,,,17,37.4993793,126.9869127,https://kbland.kr/c/36737
22977,엘리제빌,서초구,반포동,19,200712,207.53,263.43,,,4,37.4947095,126.996874,https://kbland.kr/c/22977
1589,엠브이,서초구,반포동,154,199407,74.52,162.23,190000,245000,10,37.4991396,127.0102546,https://kbland.kr/c/1589
25486,예당하우스.,서초구,반포동,10,200202,68.09,94.93,94100,98700,0,37.4947702,126.9996369,https://kbland.kr/c/25486
33409,오성,서초구,반포동,8,199406,108.20,146.83,,,0,37.4963646,127.0017191,https://kbland.kr/c/33409
424269,위더스하임(도),서초구,반포동,29,201703,31.80,69.25,,,16,37.5033969,127.0091651,https://kbland.kr/c/424269
1590,일신반포빌라트,서초구,반포동,17,199508,188.49,239.42,216100,240400,2,37.4997661,127.0097487,https://kbland.kr/c/1590
27316,장원빌라트,서초구,반포동,19,200206,247.73,268.85,273100,273100,25,37.4982595,126.9945917,https://kbland.kr/c/27316
23082,정광,서초구,반포동,13,200408,77.16,109.41,88800,119100,0,37.4984704,126.9962793,https://kbland.kr/c/23082
36337,주공1단지,서초구,반포동,2100,197309,106.31,204.95,,,46,37.5041188,126.9899952,https://kbland.kr/c/36337
1591,청광아트12차.,서초구,반포동,10,199806,258.63,258.63,,,0,37.4967640,126.9999269,https://kbland.kr/c/1591
488974,타운빌,서초구,반포동,12,200212,107.87,151.13,113800,152500,2,37.4972137,127.0000008,https://kbland.kr/c/488974
1605,태평아트,서초구,반포동,18,200301,71.35,93.78,83700,116000,0,37.50930000,127.01849000,https://kbland.kr/c/1605
1599,테마하우스,서초구,반포동,17,200110,89.29,187.24,127500,192200,0,37.4985493,126.9979466,https://kbland.kr/c/1599
28303,팔라디오.,서초구,반포동,17,200305,78.23,93.62,97000,107500,1,37.4982841,127.0006757,https://kbland.kr/c/28303
38871,펠리체.,서초구,반포동,10,200701,217.63,334.76,233200,259700,16,37.4965919,126.9941681,https://kbland.kr/c/38871
38908,프라임빌라트,서초구,반포동,12,200305,111.19,149.17,119300,156800,12,37.4954638,126.9978606,https://kbland.kr/c/38908
26029,프레스턴클래식,서초구,반포동,12,200501,230.99,230.99,301000,301000,0,37.4964900,126.9931339,https://kbland.kr/c/26029
29840,하늘바람.,서초구,반포동,7,200306,249.85,277.62,,,2,37.4967587,126.9940011,https://kbland.kr/c/29840
1583,한신서래,서초구,반포동,414,198801,67.44,175.47,215000,380000,15,37.49929000,127.00086000,https://kbland.kr/c/1583
1593,현대동궁,서초구,반포동,224,199101,82.31,96.28,290000,332500,19,37.5004118,127.0018914,https://kbland.kr/c/1593
1594,현대반포빌라트,서초구,반포동,29,199801,260.53,264.12,,,0,37.4964864,126.9990711,https://kbland.kr/c/1594
39331,효성(551-42),서초구,반포동,10,200512,135.05,250.07,157700,302900,2,37.4965007,127.0009907,https://kbland.kr/c/39331
346382,효성(69-1).,서초구,반포동,18,199106,203.62,264.37,,,0,37.4988067,126.9994905,https://kbland.kr/c/346382
1622,(구)삼호2차.,서초구,방배동,264,197604,137.63,191.79,287500,347500,13,37.4961513,126.9872465,https://kbland.kr/c/1622
1623,(구)삼호3차.,서초구,방배동,120,197612,196.29,289.36,330000,387500,16,37.4975108,126.9871151,https://kbland.kr/c/1623
1663,강남아트빌,서초구,방배동,12,200211,47.58,114.34,53200,136700,0,37.4797745,126.9908934,https://kbland.kr/c/1663
16582,강임하이빌,서초구,방배동,72,200212,34.09,39.08,,,0,37.4777316,126.9880265,https://kbland.kr/c/16582
1616,공작빌라트.,서초구,방배동,19,199507,156.83,160.98,,,0,37.4773970,126.9984666,https://kbland.kr/c/1616
20520,광해리드빌,서초구,방배동,10,200404,167.64,169.97,113400,118100,1,37.4809350,126.9938515,https://kbland.kr/c/20520
33855,그랑시엘3차,서초구,방배동,11,200503,107.61,161.66,127100,203100,0,37.4947227,126.9940397,https://kbland.kr/c/33855
1657,그랑씨엘2000,서초구,방배동,19,200008,201.55,256.90,213000,336800,1,37.4924209,126.9956764,https://kbland.kr/c/1657
24865,그린,서초구,방배동,12,200406,63.35,137.84,98600,152900,0,37.4847396,126.9941057,https://kbland.kr/c/24865
28577,나스빌.,서초구,방배동,5,200110,179.00,269.77,,,0,37.4933006,126.9952801,https://kbland.kr/c/28577
28810,나스빌3차,서초구,방배동,10,200307,99.88,149.77,117800,173700,0,37.4920426,126.9935781,https://kbland.kr/c/28810
33781,나스빌Ⅱ,서초구,방배동,6,200305,137.42,272.33,,,0,37.4932151,126.9947724,https://kbland.kr/c/33781
35964,나인빌.,서초구,방배동,9,200907,197.17,229.13,,,0,37.4933011,126.9968186,https://kbland.kr/c/35964
26793,네스코,서초구,방배동,18,200210,86.03,154.23,,,1,37.4831584,126.9862121,https://kbland.kr/c/26793
12195,네스코뮤즈빌,서초구,방배동,29,200305,91.65,149.23,116400,177800,2,37.4806690,126.9880208,https://kbland.kr/c/12195
41461,노블씨티,서초구,방배동,10,200802,109.94,260.70,163700,195300,0,37.4926992,126.9956214,https://kbland.kr/c/41461
18279,노블하우스3차,서초구,방배동,18,200401,149.06,201.97,253700,253700,0,37.4935949,126.9949256,https://kbland.kr/c/18279
21523,노블하임.,서초구,방배동,19,200305,379.39,428.19,,,14,37.4933867,126.9929879,https://kbland.kr/c/21523
33932,노블힐스,서초구,방배동,11,200309,114.27,133.94,110300,132300,0,37.4757437,126.9937063,https://kbland.kr/c/33932
29023,뉴캐슬,서초구,방배동,19,200412,82.37,99.38,103100,115600,0,37.4810488,126.9881853,https://kbland.kr/c/29023
18761,다솔,서초구,방배동,17,200301,74.73,113.85,93700,129500,3,37.4775058,126.9842856,https://kbland.kr/c/18761
24262,다움7차샤인힐,서초구,방배동,12,200310,148.93,224.90,178900,272300,1,37.4931754,126.9964579,https://kbland.kr/c/24262
545724,다원하이빌(도),서초구,방배동,15,202203,38.59,60.88,,,0,37.4850501,126.9924619,https://kbland.kr/c/545724
25287,다이너스티힐,서초구,방배동,14,200711,286.16,299.88,,,0,37.4959647,126.9938760,https://kbland.kr/c/25287
2136766,대건딜라이트,서초구,방배동,5,200308,242.11,296.90,,,0,37.4756219,126.9949399,https://kbland.kr/c/2136766
1655,대우로얄빌라트,서초구,방배동,31,200203,204.89,264.66,216600,226100,3,37.4749491,126.9998785,https://kbland.kr/c/1655
1611,대우효령,서초구,방배동,364,199212,97.44,97.44,197500,197500,22,37.4797892,126.9936746,https://kbland.kr/c/1611
500534,더로드,서초구,방배동,5,202202,82.68,160.02,,,0,37.4875221,126.9867238,https://kbland.kr/c/500534
38622,더헤렌,서초구,방배동,24,201709,59.37,72.53,80400,114300,6,37.4919084,126.9902871,https://kbland.kr/c/38622
28139,덕산럭스,서초구,방배동,19,200211,85.37,172.51,,,0,37.4809094,126.9855867,https://kbland.kr/c/28139
1664,덕산홈타운,서초구,방배동,13,200102,94.09,164.05,144800,218000,0,37.4775290,126.9854176,https://kbland.kr/c/1664
340032,동광(라파예트),서초구,방배동,9,200112,266.56,298.44,,,3,37.4947563,126.9930812,https://kbland.kr/c/340032
1619,동광빌라트.,서초구,방배동,19,199408,126.69,196.89,146800,213700,7,37.4927634,126.9872470,https://kbland.kr/c/1619
12990,동부센트레빌,서초구,방배동,122,200411,164.49,191.55,290000,315000,17,37.4976577,126.9880056,https://kbland.kr/c/12990
1508443,두오모,서초구,방배동,5,200506,220.14,228.83,,,0,37.4935371,126.9964845,https://kbland.kr/c/1508443
1620,두원,서초구,방배동,39,199612,79.82,154.79,179500,268800,0,37.4779626,126.9855474,https://kbland.kr/c/1620
384211,드림캐쳐(도),서초구,방배동,16,202101,34.49,39.68,,,0,37.4891352,126.9959882,https://kbland.kr/c/384211
1101901,디에이치방배,서초구,방배동,3064,202609,83.34,233.76,,,196,37.4841018,126.9887759,https://kbland.kr/c/1101901
26156,라온채,서초구,방배동,6,200806,306.90,420.94,,,0,37.4949602,126.9920476,https://kbland.kr/c/26156
1089194,라파르오뜨서래,서초구,방배동,12,202403,81.49,100.64,,,29,37.4939975,126.9967143,https://kbland.kr/c/1089194
13069,래미안방배아트힐,서초구,방배동,588,200412,126.48,201.28,200000,285000,17,37.4776875,127.0051107,https://kbland.kr/c/13069
14117,래미안방배에버뉴,서초구,방배동,96,200510,196.32,196.32,252500,252500,5,37.4941054,126.9882354,https://kbland.kr/c/14117
1682100,래미안원페를라,서초구,방배동,1097,202511,81.00,191.70,,,0,37.4902935,126.989356,https://kbland.kr/c/1682100
1077794,레베빌,서초구,방배동,19,200006,273.16,273.21,,,2,37.4938101,126.995817,https://kbland.kr/c/1077794
2145815,레베빌(799-6),서초구,방배동,7,199812,274.13,274.13,,,0,37.493034,126.9977126,https://kbland.kr/c/2145815
23285,레베빌2,서초구,방배동,12,200402,230.18,293.75,301300,301300,14,37.4929688,126.9944138,https://kbland.kr/c/23285
29159,렉스빌,서초구,방배동,18,200212,220.34,287.30,307100,307100,9,37.4913289,126.9965391,https://kbland.kr/c/29159
600803,로얄캐슬(도),서초구,방배동,9,201304,21.10,114.38,,,0,37.4849399,126.9846127,https://kbland.kr/c/600803
2146458,롯데(987-1),서초구,방배동,18,199804,172.14,224.79,,,17,37.4805047,126.9999991,https://kbland.kr/c/2146458
2148455,롯데빌라트2차,서초구,방배동,12,199804,177.03,224.03,,,0,37.4805458,127.0003213,https://kbland.kr/c/2148455
1660,롯데캐슬파크,서초구,방배동,57,200303,161.23,289.23,195000,302500,24,37.4862656,126.9997955,https://kbland.kr/c/1660
432610,루바토(도),서초구,방배동,14,202107,35.54,55.52,,,0,37.4844177,126.991618,https://kbland.kr/c/432610
24673,루이스캐슬,서초구,방배동,18,200609,105.11,130.81,115000,137400,4,37.4767328,126.9871355,https://kbland.kr/c/24673
34155,르가든5차,서초구,방배동,6,201409,130.14,213.27,,,1,37.4938190,126.9969129,https://kbland.kr/c/34155
31936,르가든6차,서초구,방배동,6,201504,161.20,207.17,,,0,37.4938087,126.9967547,https://kbland.kr/c/31936
31945,리가든1차.,서초구,방배동,6,201012,345.93,345.93,,,6,37.4955344,126.9920159,https://kbland.kr/c/31945
42722,리가든7차,서초구,방배동,6,201510,174.71,194.62,,,3,37.4960149,126.9922916,https://kbland.kr/c/42722
36882,리베하임,서초구,방배동,19,201610,85.68,132.26,78800,117300,18,37.4743439,126.993307,https://kbland.kr/c/36882
43904,리벨루스,서초구,방배동,10,200307,116.40,181.53,137700,195200,4,37.4931615,126.9943638,https://kbland.kr/c/43904
29072,리전트가든,서초구,방배동,6,200301,276.16,316.12,,,0,37.4944262,126.9951972,https://kbland.kr/c/29072
42281,리치팰리스,서초구,방배동,10,200904,116.92,154.90,141500,181000,0,37.4921721,126.9927014,https://kbland.kr/c/42281
41873,멤버스빌,서초구,방배동,12,200301,84.42,96.19,97700,112600,4,37.4816393,126.9933136,https://kbland.kr/c/41873
1649,멤피스빌,서초구,방배동,7,200102,172.15,271.46,,,5,37.4928365,126.9966403,https://kbland.kr/c/1649
1089978,바흐하우스반포캐슬(민간임대),서초구,방배동,44,202404,74.87,112.80,,,5,37.4972486,126.9862906,https://kbland.kr/c/1089978
27928,방배(명지해드는터),서초구,방배동,17,200411,94.18,160.07,99800,99800,0,37.4752050,126.9939283,https://kbland.kr/c/27928
1639,방배1차현대,서초구,방배동,644,199911,85.04,163.97,225000,297500,59,37.4891894,126.9834167,https://kbland.kr/c/1639
12427,방배2차e-편한세상,서초구,방배동,89,200401,186.75,188.86,280000,280000,21,37.48990000,126.99677000,https://kbland.kr/c/12427
20223,방배2차상지리츠빌,서초구,방배동,16,200306,177.02,251.11,222600,222600,8,37.4759101,126.9942015,https://kbland.kr/c/20223
1615,방배2차현대홈타운,서초구,방배동,384,200109,81.58,176.05,202500,287500,11,37.4904725,126.9838403,https://kbland.kr/c/1615
13993,방배3차e-편한세상,서초구,방배동,192,200603,231.63,277.18,380000,475000,32,37.4943855,126.9914885,https://kbland.kr/c/13993
12622,방배3차현대홈타운,서초구,방배동,123,200407,106.36,152.10,230000,260000,2,37.4918977,126.9840133,https://kbland.kr/c/12622
26733,방배CJ나인빌리지,서초구,방배동,16,200501,112.60,190.30,140000,208000,3,37.4864166,126.9984705,https://kbland.kr/c/26733
30529,방배CJ나인빌리지2차,서초구,방배동,18,200501,144.25,178.20,170800,218100,6,37.4860719,126.9982038,https://kbland.kr/c/30529
14559,방배IPARK,서초구,방배동,138,200606,114.50,199.17,187500,257500,13,37.49164000,126.98500000,https://kbland.kr/c/14559
20516,방배N스위트,서초구,방배동,32,200407,101.73,124.04,122300,133700,3,37.4758752,126.9879950,https://kbland.kr/c/20516
12303,방배e-편한세상(1차),서초구,방배동,199,200309,201.97,224.85,275000,315000,26,37.4875943,126.9992237,https://kbland.kr/c/12303
35220,방배갤러리하우스,서초구,방배동,16,200305,117.71,211.79,153900,241900,0,37.4941209,126.9940414,https://kbland.kr/c/35220
29040,방배그랑씨엘,서초구,방배동,16,199908,175.65,187.93,,,7,37.4924490,126.9926227,https://kbland.kr/c/29040
45354,방배그랑자이,서초구,방배동,758,202107,72.91,211.40,240000,330000,113,37.4755754,126.9997693,https://kbland.kr/c/45354
1642,방배금강(프리빌),서초구,방배동,87,200111,106.77,164.37,160000,195000,10,37.4860207,126.9911260,https://kbland.kr/c/1642
46099,방배노블루체서리풀(도),서초구,방배동,28,202003,26.33,30.07,,,15,37.4841357,126.9830592,https://kbland.kr/c/46099
43165,방배다움샤인힐,서초구,방배동,12,200307,203.90,264.89,241300,324200,2,37.4922906,126.9934051,https://kbland.kr/c/43165
12460,방배대성유니드,서초구,방배동,41,200310,102.85,149.62,200800,200800,11,37.48301000,126.98681000,https://kbland.kr/c/12460
1618,방배대우(대우사원),서초구,방배동,95,199201,111.83,112.28,170000,170000,19,37.4762068,126.9909741,https://kbland.kr/c/1618
20153,방배대우멤버스카운티,서초구,방배동,36,200309,115.49,142.68,190600,219200,0,37.4921666,126.9922647,https://kbland.kr/c/20153
18073,방배대우멤버스카운티201,서초구,방배동,18,200312,112.88,127.76,174500,190900,3,37.4919207,126.9924672,https://kbland.kr/c/18073
12720,방배대우멤버스카운티301,서초구,방배동,17,200402,135.98,136.34,176500,176500,1,37.4917520,126.9943736,https://kbland.kr/c/12720
12719,방배대우멤버스카운티V,서초구,방배동,36,200405,160.69,189.14,233900,234900,2,37.49305600,126.99613200,https://kbland.kr/c/12719
20486,방배대우멤버스카운티Ⅵ,서초구,방배동,16,200502,117.62,157.74,,,4,37.4929115,126.9961561,https://kbland.kr/c/20486
1644,방배대우유로카운티,서초구,방배동,65,200207,147.63,265.74,300000,340000,27,37.4911884,126.9969707,https://kbland.kr/c/1644
2144447,방배더유엘포레,서초구,방배동,34,202512,49.53,98.66,,,0,37.4823887,126.9956122,https://kbland.kr/c/2144447
13141,방배동 동양파라곤,서초구,방배동,31,200411,216.31,278.62,230700,330200,30,37.4805958,127.0027317,https://kbland.kr/c/13141
1636,방배동 빌라트,서초구,방배동,19,199201,275.18,275.18,,,0,37.4787453,127.0051311,https://kbland.kr/c/1636
24745,방배동 아파트,서초구,방배동,8,200305,89.07,137.67,,,2,37.4897686,126.9952935,https://kbland.kr/c/24745
12718,방배동롯데캐슬포레스트,서초구,방배동,60,200310,270.95,270.95,337500,337500,22,37.4917099,126.9957763,https://kbland.kr/c/12718
1621,방배동빌라트,서초구,방배동,10,199606,255.85,258.25,330500,330500,0,37.4920662,126.9942337,https://kbland.kr/c/1621
12327,방배래미안(1차),서초구,방배동,303,200310,78.51,135.51,172500,215000,23,37.4726797,126.9841717,https://kbland.kr/c/12327
13180,방배래미안타워,서초구,방배동,344,200501,124.65,158.44,230000,247500,7,37.4748399,126.9912650,https://kbland.kr/c/13180
30121,방배렉슬,서초구,방배동,10,200908,134.68,140.60,,,4,37.4926335,126.9952438,https://kbland.kr/c/30121
41360,방배렉슬Ⅱ.,서초구,방배동,8,201108,110.29,151.11,,,2,37.4927152,126.9942428,https://kbland.kr/c/41360
21667,방배롯데캐슬로제,서초구,방배동,130,200908,202.76,292.65,415000,435000,25,37.4902224,126.9946202,https://kbland.kr/c/21667
26102,방배롯데캐슬아르떼,서초구,방배동,744,201311,84.27,251.51,262500,365000,68,37.4838480,126.9846763,https://kbland.kr/c/26102
14684,방배롯데캐슬오스카,서초구,방배동,9,200612,153.77,326.14,,,1,37.4945927,126.9943866,https://kbland.kr/c/14684
20176,방배리치빌,서초구,방배동,19,200209,106.10,195.12,121100,205500,1,37.4776445,126.9862753,https://kbland.kr/c/20176
29524,방배베벌리힐즈2차,서초구,방배동,4,200308,255.87,262.08,,,1,37.4954287,126.9933630,https://kbland.kr/c/29524
12016,방배브라운가,서초구,방배동,161,200304,105.93,156.43,180000,190000,27,37.48349000,126.99180000,https://kbland.kr/c/12016
12236,방배블레스밸리,서초구,방배동,57,200309,151.23,249.41,,,2,37.4782030,127.0010675,https://kbland.kr/c/12236
40267,방배비젼21빌라트,서초구,방배동,14,200005,157.87,201.91,198900,210000,0,37.4908883,126.994614,https://kbland.kr/c/40267
427729,방배빌리지5차(도),서초구,방배동,8,202008,44.13,47.91,,,0,37.4755566,126.9944048,https://kbland.kr/c/427729
18320,방배삼성홈타운,서초구,방배동,38,200409,86.62,152.57,,,6,37.4889267,126.9948411,https://kbland.kr/c/18320
1306362,"방배삼호(12,13동)",서초구,방배동,96,197612,155.48,155.48,,,1,37.4974494,126.9868972,https://kbland.kr/c/1306362
1608,방배삼호(신삼호),서초구,방배동,481,198306,113.05,202.95,320000,430000,53,37.4973650,126.9900800,https://kbland.kr/c/1608
26776,방배상지리츠빌4차,서초구,방배동,24,200403,142.67,145.61,194700,225700,0,37.4921801,126.9959736,https://kbland.kr/c/26776
26899,방배상지리츠빌5차,서초구,방배동,17,200403,138.45,205.12,176900,275000,5,37.4941328,126.9935500,https://kbland.kr/c/26899
32427,방배상지리츠빌7차,서초구,방배동,18,200807,191.33,192.22,,,12,37.4912037,126.9945279,https://kbland.kr/c/32427
33209,방배상지리츠빌8차,서초구,방배동,11,200507,140.99,144.00,211300,211300,0,37.4955116,126.9935768,https://kbland.kr/c/33209
36096,방배샤인힐6차,서초구,방배동,19,200309,170.07,253.78,209600,220600,11,37.4912622,126.9940715,https://kbland.kr/c/36096
15968,방배서리풀e편한세상,서초구,방배동,496,201002,83.92,210.70,220000,425000,70,37.4843124,126.9984466,https://kbland.kr/c/15968
41236,방배서리풀그랑블,서초구,방배동,99,202001,51.49,107.76,225500,225500,2,37.4862161,126.9976719,https://kbland.kr/c/41236
488015,방배서리풀빌리지(도),서초구,방배동,34,201907,38.35,52.42,,,0,37.4861907,126.9954732,https://kbland.kr/c/488015
15209,방배서리풀힐스,서초구,방배동,66,200611,79.51,154.05,150000,180000,6,37.4810477,126.9943927,https://kbland.kr/c/15209
434179,방배센트레빌인더포레(도시형),서초구,방배동,90,202312,61.90,102.83,,,11,37.4745653,126.993606,https://kbland.kr/c/434179
1100626,방배시티빌I(도시형),서초구,방배동,10,202407,32.07,38.18,,,0,37.4929516,126.9838431,https://kbland.kr/c/1100626
1645,방배신동아럭스빌,서초구,방배동,55,200309,199.65,215.60,250000,260000,8,37.4754909,127.0010810,https://kbland.kr/c/1645
1652,방배신주,서초구,방배동,32,200212,52.38,129.64,61700,152700,3,37.4774807,126.9839937,https://kbland.kr/c/1652
34390,방배써니힐즈,서초구,방배동,6,201301,101.26,141.07,,,0,37.4929137,126.9974678,https://kbland.kr/c/34390
1640,방배씨티,서초구,방배동,91,200011,50.59,123.14,70000,146000,5,37.4906348,126.9912110,https://kbland.kr/c/1640
26388,방배아크빌,서초구,방배동,17,200306,198.82,233.01,298100,298100,14,37.4912060,126.9958509,https://kbland.kr/c/26388
14009,방배아트e-편한세상,서초구,방배동,93,200511,75.97,158.81,161500,200000,2,37.4753457,126.9914052,https://kbland.kr/c/14009
35419,방배아트자이,서초구,방배동,353,201810,80.56,159.29,250000,332500,40,37.4800691,127.002341,https://kbland.kr/c/35419
20545,방배아펠바움,서초구,방배동,11,200601,228.00,270.73,,,4,37.4953092,126.9941449,https://kbland.kr/c/20545
303563,방배어반스테이(도),서초구,방배동,14,202002,30.59,37.41,,,0,37.4899118,126.9858593,https://kbland.kr/c/303563
15818,방배어울림,서초구,방배동,64,200807,149.95,173.55,202500,202500,11,37.4780889,127.0035677,https://kbland.kr/c/15818
1627,방배우성,서초구,방배동,468,199001,98.62,138.46,215000,250000,23,37.4744174,126.9829724,https://kbland.kr/c/1627
14116,방배이연아마빌레,서초구,방배동,46,200503,83.36,109.28,132700,169800,17,37.4923138,126.9894582,https://kbland.kr/c/14116
1629,방배임광(3차),서초구,방배동,316,198804,58.25,128.29,132500,220000,25,37.4762884,127.0026871,https://kbland.kr/c/1629
13352,방배자이,서초구,방배동,136,200310,185.43,218.51,285000,315000,10,37.4866634,126.9988856,https://kbland.kr/c/13352
425029,방배중앙센트레빌,서초구,방배동,42,202106,85.78,86.01,,,13,37.4931557,126.9866316,https://kbland.kr/c/425029
25533,방배타운하우스.,서초구,방배동,19,200303,76.08,133.36,91500,152400,0,37.4923061,126.9864503,https://kbland.kr/c/25533
12017,방배트리플,서초구,방배동,19,200307,61.50,101.41,74700,120600,3,37.49095000,126.98963000,https://kbland.kr/c/12017
39242,방배푸른채(도),서초구,방배동,15,201707,39.43,70.55,,,4,37.4792128,126.989639,https://kbland.kr/c/39242
429920,방배하이빌9차(도),서초구,방배동,20,201912,47.88,70.78,,,0,37.4931622,126.9919125,https://kbland.kr/c/429920
13231,방배한진로즈힐,서초구,방배동,84,200502,106.36,132.65,190000,215000,23,37.48680000,126.98346000,https://kbland.kr/c/13231
1641,방배한화,서초구,방배동,89,200110,111.45,163.67,192500,220000,3,37.4848158,126.9988311,https://kbland.kr/c/1641
50680,방배헤스티아2(도),서초구,방배동,18,202005,32.98,54.70,,,0,37.4788873,126.9850493,https://kbland.kr/c/50680
1646,방배현대멤피스2,서초구,방배동,90,200207,188.22,188.22,245000,245000,2,37.4801678,126.9979434,https://kbland.kr/c/1646
12277,방배호원,서초구,방배동,19,200212,192.36,241.88,192400,202300,6,37.4759786,126.9937822,https://kbland.kr/c/12277
1653,방배홈타운,서초구,방배동,30,200203,77.94,136.08,94800,151600,1,37.4760673,126.9872802,https://kbland.kr/c/1653
48518,방배힐1차,서초구,방배동,10,200011,192.43,256.18,279500,322700,0,37.4928889,126.9930109,https://kbland.kr/c/48518
34264,방배힐2차,서초구,방배동,10,200104,218.68,225.29,265900,293000,1,37.4919215,126.9931161,https://kbland.kr/c/34264
31946,백야(리가든2차),서초구,방배동,4,201202,205.26,205.27,,,0,37.4958046,126.9920009,https://kbland.kr/c/31946
38591,베로니스2차,서초구,방배동,17,200410,178.01,234.23,204700,260000,10,37.4934048,126.9944201,https://kbland.kr/c/38591
2099013,베로니스3차,서초구,방배동,12,200510,183.21,191.32,,,11,37.4932883,126.9936498,https://kbland.kr/c/2099013
429332,베로니스5차,서초구,방배동,9,200704,194.66,265.71,,,0,37.4947979,126.9935874,https://kbland.kr/c/429332
48223,베로니스9차,서초구,방배동,6,200805,218.56,270.09,,,3,37.4960623,126.9910546,https://kbland.kr/c/48223
35023,벨루체팰리스,서초구,방배동,10,200711,77.83,144.90,96000,195500,4,37.4921084,126.9931012,https://kbland.kr/c/35023
29318,보아스방배,서초구,방배동,15,200508,74.49,122.87,87100,130400,1,37.4894300,126.9883550,https://kbland.kr/c/29318
31886,부에나비스타,서초구,방배동,6,200410,282.96,282.96,,,1,37.4953082,126.9929688,https://kbland.kr/c/31886
13621,브라운스톤방배,서초구,방배동,145,200508,94.56,143.07,205000,250000,5,37.4869300,126.9952637,https://kbland.kr/c/13621
13440,브라운스톤효령,서초구,방배동,35,200506,148.87,210.90,188800,265500,3,37.4799039,126.9955047,https://kbland.kr/c/13440
46039,비욘디에,서초구,방배동,9,200212,161.90,295.27,,,7,37.4961607,126.9913495,https://kbland.kr/c/46039
22599,비전힐,서초구,방배동,18,200612,99.07,167.92,119600,128900,2,37.4789273,126.9887679,https://kbland.kr/c/22599
1659,비젼21(2차),서초구,방배동,19,200106,161.38,178.16,201100,223200,1,37.4908061,126.9943862,https://kbland.kr/c/1659
49337,비하우스,서초구,방배동,4,201604,231.16,235.61,,,0,37.4938509,126.9953149,https://kbland.kr/c/49337
50148,빌라도르,서초구,방배동,10,200103,94.20,123.05,113400,140000,0,37.4913814,126.9951522,https://kbland.kr/c/50148
1633,삼원주택(방배필그린),서초구,방배동,25,199403,232.78,256.87,299200,350200,9,37.491796,126.9974858,https://kbland.kr/c/1633
1612,삼익.,서초구,방배동,408,198112,94.54,163.47,,,0,37.4790201,127.0016741,https://kbland.kr/c/1612
1613,삼호(1차),서초구,방배동,419,197511,80.85,164.16,227500,272500,54,37.4953352,126.9876873,https://kbland.kr/c/1613
1610,삼호한숲,서초구,방배동,116,199810,80.16,139.20,137500,182500,14,37.4776427,126.9987459,https://kbland.kr/c/1610
1647,삼환나띠르빌,서초구,방배동,126,200304,105.42,189.26,155000,190000,9,37.4804003,127.0051878,https://kbland.kr/c/1647
34333,상록리츠콤,서초구,방배동,6,200302,90.75,173.70,,,0,37.4896835,126.9958826,https://kbland.kr/c/34333
26634,상지리츠빌1차,서초구,방배동,10,200209,187.26,209.90,206400,208300,0,37.4946040,126.9949234,https://kbland.kr/c/26634
26637,상지리츠빌3차,서초구,방배동,17,200403,176.38,265.90,263500,263500,2,37.4920570,126.9952628,https://kbland.kr/c/26637
26636,상지리츠빌6차,서초구,방배동,10,200412,124.24,145.21,174100,213000,4,37.4922199,126.9964141,https://kbland.kr/c/26636
49453,서리풀래디앙,서초구,방배동,19,202004,72.43,97.98,106700,159000,0,37.4923481,126.9941464,https://kbland.kr/c/49453
48966,서리풀프라젠,서초구,방배동,47,202005,72.42,95.86,113900,162800,9,37.4892038,126.9915259,https://kbland.kr/c/48966
1631,서울탑빌라트,서초구,방배동,16,199110,218.98,222.44,211500,211500,2,37.4934438,126.9914052,https://kbland.kr/c/1631
1648,서초ESA3차,서초구,방배동,86,200207,78.99,78.99,132500,132500,4,37.47893000,127.00594000,https://kbland.kr/c/1648
44275,서초라임스(도),서초구,방배동,10,201901,55.84,66.55,,,0,37.4751144,127.0007101,https://kbland.kr/c/44275
39724,서초훼미리하우스,서초구,방배동,29,201712,70.19,73.50,117700,126400,1,37.4805855,126.9940561,https://kbland.kr/c/39724
20339,선영베스트,서초구,방배동,9,200306,100.90,143.00,,,0,37.4908234,126.995525,https://kbland.kr/c/20339
19430,설록,서초구,방배동,18,200506,79.54,169.56,111300,148700,1,37.4911936,126.9901744,https://kbland.kr/c/19430
26384,성지라빌레뜨,서초구,방배동,36,200410,214.85,296.44,327600,394300,22,37.4925846,126.9969181,https://kbland.kr/c/26384
28729,쉬크빌,서초구,방배동,8,200812,94.46,134.55,,,0,37.4916050,126.9940363,https://kbland.kr/c/28729
48141,스톤힐스,서초구,방배동,12,201912,399.04,487.49,,,15,37.4968291,126.9924824,https://kbland.kr/c/48141
19871,승원아트빌,서초구,방배동,18,200309,88.25,151.22,114500,169800,0,37.4816934,126.9877017,https://kbland.kr/c/19871
1624,신구,서초구,방배동,29,199209,144.63,204.40,,,20,37.4799272,126.9918977,https://kbland.kr/c/1624
29089,신구레베빌,서초구,방배동,12,200607,258.27,273.27,,,0,37.4950967,126.9935258,https://kbland.kr/c/29089
32180,신구레베빌14차,서초구,방배동,13,200505,262.00,268.14,,,12,37.4926553,126.9978105,https://kbland.kr/c/32180
1614,신동아,서초구,방배동,493,198210,109.43,199.34,,,6,37.4813909,127.0013536,https://kbland.kr/c/1614
18656,신원아침도시,서초구,방배동,19,200404,108.87,174.06,144100,151500,0,37.4800798,127.0003189,https://kbland.kr/c/18656
33414,신한엔시모,서초구,방배동,19,200509,224.45,279.63,330300,330300,3,37.4930220,126.9953743,https://kbland.kr/c/33414
18581,신호.,서초구,방배동,19,200111,92.64,92.64,,,0,37.4786912,126.989848,https://kbland.kr/c/18581
20581,신호나이스.,서초구,방배동,12,200310,89.78,159.50,110500,182000,9,37.4869523,126.9978867,https://kbland.kr/c/20581
1617,쌍용예가클래식,서초구,방배동,216,200704,117.07,177.45,230000,260000,3,37.4937051,126.9877884,https://kbland.kr/c/1617
1661,아이리스,서초구,방배동,16,200304,47.68,95.71,74500,102600,0,37.47956000,127.00016000,https://kbland.kr/c/1661
29795,아이리스빌.,서초구,방배동,8,201408,148.77,160.26,,,0,37.4956899,126.9912335,https://kbland.kr/c/29795
48666,어번테라스3차,서초구,방배동,6,201309,198.33,237.13,,,5,37.4957945,126.9922657,https://kbland.kr/c/48666
29219,어퍼하우스,서초구,방배동,18,201212,297.04,419.76,,,5,37.4961355,126.9927655,https://kbland.kr/c/29219
2104994,어퍼하우스2,서초구,방배동,12,201405,271.19,271.30,,,6,37.4957286,126.9926664,https://kbland.kr/c/2104994
546889,엘루크방배서리풀(도시형),서초구,방배동,60,202401,42.04,62.54,,,18,37.4828858,126.9957308,https://kbland.kr/c/546889
26145,엘르빌,서초구,방배동,14,200304,122.22,157.21,153700,191700,3,37.4809482,126.9996954,https://kbland.kr/c/26145
37834,엘프에스토,서초구,방배동,5,200807,189.30,384.21,,,0,37.496474,126.992419,https://kbland.kr/c/37834
29076,영지아트,서초구,방배동,15,199912,131.75,317.49,93700,270200,3,37.4940675,126.9943425,https://kbland.kr/c/29076
1638,영진,서초구,방배동,18,199810,92.32,119.90,132900,132900,0,37.4902254,126.9914626,https://kbland.kr/c/1638
26413,예림,서초구,방배동,10,200305,47.36,79.10,,,0,37.4821654,126.9859994,https://kbland.kr/c/26413
25773,오필리아,서초구,방배동,12,200907,58.98,117.51,92800,122600,4,37.4867559,126.9854398,https://kbland.kr/c/25773
20511,용성빌리지,서초구,방배동,11,200403,79.07,131.48,82800,131800,0,37.4753963,126.9941744,https://kbland.kr/c/20511
1651,우평,서초구,방배동,11,200202,99.35,130.39,115100,156800,7,37.4868316,126.9848055,https://kbland.kr/c/1651
25298,월드빌라트(798-5),서초구,방배동,14,199605,212.11,212.11,,,1,37.4940207,126.9962543,https://kbland.kr/c/25298
1628,월드빌라트(999),서초구,방배동,19,199411,277.59,277.59,,,1,37.4784623,127.0045058,https://kbland.kr/c/1628
1656,월드빌리지.,서초구,방배동,36,200001,268.00,271.20,320200,359700,0,37.4913835,126.9929009,https://kbland.kr/c/1656
431954,윈저빌,서초구,방배동,15,200107,240.15,256.13,311000,311000,0,37.4927024,126.9933059,https://kbland.kr/c/431954
1609,임광(1차/2차),서초구,방배동,418,198510,116.28,160.67,232500,275000,20,37.4769079,127.0024189,https://kbland.kr/c/1609
48199,자현유하우스,서초구,방배동,57,201812,42.15,109.11,,,0,37.4862056,126.9908507,https://kbland.kr/c/48199
35900,장원라빌레뜨,서초구,방배동,11,200310,198.72,282.50,235900,250900,9,37.4929831,126.9937612,https://kbland.kr/c/35900
1650,정림,서초구,방배동,17,200107,118.21,144.56,198900,202600,0,37.4817040,126.9857795,https://kbland.kr/c/1650
42464,제네시스빌(도),서초구,방배동,8,201609,48.33,52.13,,,0,37.4767146,126.9935426,https://kbland.kr/c/42464
499941,지오지안방배(도),서초구,방배동,20,202201,24.38,29.02,,,6,37.4979675,126.9856325,https://kbland.kr/c/499941
29676,청광빌라트.,서초구,방배동,14,199912,183.09,216.93,219800,219800,3,37.4957013,126.9852057,https://kbland.kr/c/29676
1643,청광아트빌14차,서초구,방배동,29,200106,292.64,292.64,,,7,37.4753283,126.9893704,https://kbland.kr/c/1643
1630,청암.,서초구,방배동,10,199209,252.45,252.45,180800,180800,0,37.4797552,126.9910732,https://kbland.kr/c/1630
35780,캐슬렉스,서초구,방배동,6,200404,119.83,176.64,,,17,37.4928808,126.9972571,https://kbland.kr/c/35780
302747,코트빌,서초구,방배동,6,200304,104.13,202.84,,,7,37.4927925,126.9949041,https://kbland.kr/c/302747
45754,"클라인하우제방배(민간임대,도시형)",서초구,방배동,19,201306,24.69,45.51,,,0,37.4871563,126.997074,https://kbland.kr/c/45754
647440,클래스원(도).,서초구,방배동,14,202110,56.43,96.27,,,4,37.4945225,126.9940689,https://kbland.kr/c/647440
15210,태림,서초구,방배동,14,200405,101.43,113.81,116300,139500,0,37.48141000,126.99558000,https://kbland.kr/c/15210
1632,태화.,서초구,방배동,10,199408,265.37,265.37,279800,279800,0,37.4968906,126.9919887,https://kbland.kr/c/1632
2150668,트윈캐슬(도시형),서초구,방배동,26,201210,27.56,77.36,,,0,37.4851503,126.9931994,https://kbland.kr/c/2150668
24684,파라다이스,서초구,방배동,34,200402,69.33,105.29,97700,129000,2,37.4768434,126.9874280,https://kbland.kr/c/24684
1044079,파세지아타,서초구,방배동,27,202306,141.01,178.39,,,13,37.4789092,127.0003888,https://kbland.kr/c/1044079
1658,파인빌리지,서초구,방배동,11,200108,261.46,262.81,313600,326700,11,37.4923141,126.9950409,https://kbland.kr/c/1658
1077379,판테온,서초구,방배동,12,200310,134.88,134.88,179500,179500,2,37.493748,126.9947435,https://kbland.kr/c/1077379
1925511,판테옹,서초구,방배동,10,200212,119.59,250.12,,,9,37.4916029,126.9938422,https://kbland.kr/c/1925511
37504,팔라티노,서초구,방배동,12,201208,148.82,151.07,,,0,37.4927904,126.9916825,https://kbland.kr/c/37504
25618,퍼시픽56차,서초구,방배동,17,200405,68.81,122.82,82700,133700,0,37.4839317,126.9923527,https://kbland.kr/c/25618
42738,포레빌.,서초구,방배동,7,200112,165.02,263.41,,,0,37.4926876,126.9975558,https://kbland.kr/c/42738
38698,포렛힐,서초구,방배동,8,200406,156.61,214.02,,,0,37.4937699,126.9949393,https://kbland.kr/c/38698
43306,폴라씨엘로,서초구,방배동,12,201509,134.37,196.89,,,2,37.4915397,126.9946192,https://kbland.kr/c/43306
21020,푸른마을,서초구,방배동,18,200306,48.18,118.88,58000,116100,2,37.4955645,126.9839636,https://kbland.kr/c/21020
26599,프라하임1차,서초구,방배동,12,200601,80.45,132.73,109300,147100,0,37.4811387,126.9923789,https://kbland.kr/c/26599
26003,프레스턴(1-119),서초구,방배동,17,200501,226.72,277.27,,,0,37.4957223,126.9938922,https://kbland.kr/c/26003
25998,프레스턴(1-62),서초구,방배동,17,200501,188.76,277.12,,,12,37.4955955,126.9944898,https://kbland.kr/c/25998
21331,프리우스,서초구,방배동,45,200412,91.79,98.40,132100,143200,1,37.4920089,126.9970276,https://kbland.kr/c/21331
30163,하늘바람,서초구,방배동,6,200403,275.93,276.75,,,3,37.4954693,126.9928423,https://kbland.kr/c/30163
26195,한화엘르빌.,서초구,방배동,12,200111,192.37,203.72,217800,217800,4,37.4899334,126.9956079,https://kbland.kr/c/26195
477952,헤리티지(도),서초구,방배동,28,201601,36.18,54.39,,,0,37.4919186,126.9866373,https://kbland.kr/c/477952
1637,현대멤피스,서초구,방배동,206,200110,165.14,231.07,252500,300000,9,37.4947937,126.9886445,https://kbland.kr/c/1637
1635,현대빌라트(5층),서초구,방배동,18,199712,68.29,120.63,,,0,37.4820195,126.9907195,https://kbland.kr/c/1635
25506,현대쉴러하우스,서초구,방배동,18,200804,151.18,221.59,170000,204800,7,37.4886670,126.9918481,https://kbland.kr/c/25506
20608,현대아르,서초구,방배동,10,200411,67.36,95.35,,,0,37.4815783,126.9871576,https://kbland.kr/c/20608
1654,현대오페라하우스,서초구,방배동,14,200204,75.99,153.70,,,0,37.4901152,126.9848978,https://kbland.kr/c/1654
1662,현대오페라하우스2차,서초구,방배동,13,200302,97.10,137.67,118400,148300,0,37.4901385,126.9856977,https://kbland.kr/c/1662
2308957,혜연빌(도시형),서초구,방배동,8,202606,25.49,42.62,,,0,37.4903782,126.9848175,https://kbland.kr/c/2308957
13725,황실자이,서초구,방배동,67,200511,193.77,228.05,320000,360000,20,37.4889124,126.9995228,https://kbland.kr/c/13725
35022,효령파크뷰(도),서초구,방배동,10,201612,65.84,65.84,,,4,37.4793382,126.9916443,https://kbland.kr/c/35022
46218,훼미리타운,서초구,방배동,1,201211,98.62,98.62,,,0,37.4848181,126.9928775,https://kbland.kr/c/46218
28168,훼미리타운(도).,서초구,방배동,27,201211,24.24,57.57,,,1,37.4848098,126.9928271,https://kbland.kr/c/28168
40505,힐스나인빌리지,서초구,방배동,9,201212,168.24,228.68,,,0,37.4931296,126.9971255,https://kbland.kr/c/40505
42863,힐하우스,서초구,방배동,5,200302,227.35,257.17,,,0,37.4933274,126.9954948,https://kbland.kr/c/42863
338325,DK밸리뷰서초2차(도시형),서초구,서초동,105,202206,32.15,35.06,,,8,37.4879006,127.0138673,https://kbland.kr/c/338325
42208,DK밸리뷰시티,서초구,서초동,81,201912,21.17,35.44,,,26,37.4850931,127.0118963,https://kbland.kr/c/42208
20850,JC라디앙,서초구,서초동,14,200508,75.02,98.97,80600,117200,5,37.4900931,127.0113352,https://kbland.kr/c/20850
2151056,PH1603(도시형),서초구,서초동,124,202508,84.38,178.02,,,165,37.4858894,127.0181886,https://kbland.kr/c/2151056
19763,TS프리우스,서초구,서초동,18,200408,90.36,146.50,145400,155700,4,37.4878891,127.0160795,https://kbland.kr/c/19763
1709,갤러리하우스,서초구,서초동,15,200103,142.86,251.35,152300,301800,4,37.4869191,127.0067635,https://kbland.kr/c/1709
378718,갤러리호(도).,서초구,서초동,29,201702,25.00,33.00,,,0,37.4875118,127.0091206,https://kbland.kr/c/378718
13765,경남아너스빌,서초구,서초동,141,200510,98.30,251.24,210000,230000,2,37.4836570,127.0142581,https://kbland.kr/c/13765
14404,경남아너스빌(1608-28),서초구,서초동,32,200608,103.18,141.70,184700,195900,16,37.4887406,127.0231357,https://kbland.kr/c/14404
20374,그린월드,서초구,서초동,14,200307,89.46,114.97,108800,115000,0,37.48730000,127.00728000,https://kbland.kr/c/20374
20215,끄레메빌,서초구,서초동,14,200002,256.09,286.00,286100,311200,18,37.4898292,127.0205127,https://kbland.kr/c/20215
29209,다솔,서초구,서초동,12,200412,69.88,93.73,72400,95900,0,37.4811941,127.0095868,https://kbland.kr/c/29209
21056,다우월드,서초구,서초동,17,200304,92.12,116.71,100200,114300,0,37.4880149,127.0312980,https://kbland.kr/c/21056
30829,대경벨로체,서초구,서초동,11,200704,78.32,97.58,91000,111400,0,37.4827709,127.0106515,https://kbland.kr/c/30829
24294,대상파크빌,서초구,서초동,12,200607,101.96,151.31,107100,143800,1,37.4825899,127.0105634,https://kbland.kr/c/24294
12446,대성유니드,서초구,서초동,83,200403,105.85,151.01,197500,219500,6,37.4940556,127.0208161,https://kbland.kr/c/12446
13492,더미켈란,서초구,서초동,67,200505,265.99,328.29,,,10,37.4851150,127.0033161,https://kbland.kr/c/13492
36277,더샵오데움,서초구,서초동,139,200512,122.53,291.60,297500,397500,34,37.4820875,127.009428,https://kbland.kr/c/36277
36056,더샵오데움(105동),서초구,서초동,4,200605,128.03,167.95,,,0,37.4813748,127.0091299,https://kbland.kr/c/36056
50284,더아크리움,서초구,서초동,16,202007,41.22,41.22,,,1,37.4863926,127.003897,https://kbland.kr/c/50284
436012,더클래스(도),서초구,서초동,20,202007,31.17,34.82,,,0,37.4880712,127.0175088,https://kbland.kr/c/436012
1039524,더프레임서초(도시형),서초구,서초동,86,202308,61.84,67.18,,,8,37.4782819,127.0071667,https://kbland.kr/c/1039524
25672,도무스,서초구,서초동,12,200710,261.76,264.58,341000,341000,0,37.4871196,127.0038209,https://kbland.kr/c/25672
31140,동아(도시형),서초구,서초동,62,201504,28.23,47.71,,,3,37.4875813,127.0278774,https://kbland.kr/c/31140
1706,동원베네스트,서초구,서초동,126,200211,105.53,142.48,195000,210000,4,37.4852824,127.0266408,https://kbland.kr/c/1706
15999,두산위브트레지움,서초구,서초동,98,200809,105.77,160.95,240000,275000,6,37.5005174,127.0231520,https://kbland.kr/c/15999
48225,두원에코타운(도),서초구,서초동,26,201603,20.94,37.11,,,0,37.4822207,127.0132383,https://kbland.kr/c/48225
1678,두진한아름,서초구,서초동,42,199509,80.07,114.12,106600,139400,12,37.48967000,127.02293000,https://kbland.kr/c/1678
26181,라파엘로,서초구,서초동,12,200408,117.29,168.68,129900,186300,0,37.4846720,127.0031411,https://kbland.kr/c/26181
44285,래미안리더스원,서초구,서초동,1317,202009,84.03,299.89,307500,495000,242,37.4907776,127.028132,https://kbland.kr/c/44285
14040,래미안서초3차,서초구,서초동,31,200505,212.96,293.14,218300,240000,1,37.4806063,127.0071863,https://kbland.kr/c/14040
36741,래미안서초4차,서초구,서초동,56,200506,112.43,194.24,175000,225000,5,37.4810375,127.0110981,https://kbland.kr/c/36741
13956,래미안서초7차,서초구,서초동,79,200601,119.38,219.48,225000,250000,1,37.4922236,127.0182956,https://kbland.kr/c/13956
15998,래미안서초스위트,서초구,서초동,392,200901,80.10,125.96,257500,310000,51,37.5021793,127.0203594,https://kbland.kr/c/15998
29879,래미안서초에스티지,서초구,서초동,421,201612,85.16,183.93,285000,410000,59,37.4928329,127.0251719,https://kbland.kr/c/29879
32109,래미안서초에스티지S,서초구,서초동,593,201801,111.13,171.74,345000,465000,115,37.4928585,127.0271211,https://kbland.kr/c/32109
28803,로얄파크,서초구,서초동,13,200502,93.53,164.29,109100,160500,0,37.4842039,127.0085408,https://kbland.kr/c/28803
27926,로얄하이츠,서초구,서초동,12,200505,107.03,153.68,120700,152100,1,37.4811790,127.0099376,https://kbland.kr/c/27926
1676,롯데캐슬84.,서초구,서초동,84,200102,121.48,249.80,317500,317500,17,37.49273000,127.01833000,https://kbland.kr/c/1676
12020,롯데캐슬SPA,서초구,서초동,58,200306,207.68,275.29,225000,270000,11,37.49088000,127.02138000,https://kbland.kr/c/12020
13276,롯데캐슬주피터,서초구,서초동,110,200310,110.44,197.29,195000,245000,20,37.4863766,127.0304033,https://kbland.kr/c/13276
14066,롯데캐슬클래식,서초구,서초동,990,200606,94.91,154.90,280000,375000,183,37.5005153,127.0218062,https://kbland.kr/c/14066
45666,루컴즈힐서리풀,서초구,서초동,28,202001,103.58,112.03,,,4,37.4859578,127.003153,https://kbland.kr/c/45666
35385,리안하우스,서초구,서초동,12,200407,140.90,168.88,159200,168300,0,37.4835357,127.0037645,https://kbland.kr/c/35385
18115,마샹스1차,서초구,서초동,17,200310,104.73,135.16,119400,145000,0,37.4807395,127.0101808,https://kbland.kr/c/18115
18853,마샹스2차,서초구,서초동,12,200310,88.83,112.26,99600,113700,0,37.4805749,127.0066666,https://kbland.kr/c/18853
29961,마제스타시티힐스테이트서리풀,서초구,서초동,116,201707,88.02,88.47,200000,200000,3,37.4902675,127.0059581,https://kbland.kr/c/29961
1679,베스트빌라,서초구,서초동,15,199711,141.73,235.62,156800,268800,0,37.4862106,127.0050203,https://kbland.kr/c/1679
25330,벽산서초블루밍,서초구,서초동,19,200801,273.28,365.58,,,9,37.4812312,127.0118590,https://kbland.kr/c/25330
27449,보미리즌빌,서초구,서초동,10,200505,121.21,189.85,125700,125700,1,37.4846536,127.0084444,https://kbland.kr/c/27449
49918,비버리캐슬,서초구,서초동,42,202008,68.58,81.03,,,0,37.4829147,127.0079822,https://kbland.kr/c/49918
1690,삼성서초가든스위트,서초구,서초동,141,200006,236.14,355.48,310000,470000,27,37.4948451,127.0258495,https://kbland.kr/c/1690
1666,삼풍,서초구,서초동,2390,198807,105.63,192.90,330000,447500,192,37.4991789,127.0160332,https://kbland.kr/c/1666
23064,상지리츠빌,서초구,서초동,36,200405,165.92,237.74,190700,190700,0,37.4880211,127.0222066,https://kbland.kr/c/23064
23068,상지리츠빌 서초6차,서초구,서초동,14,200412,151.10,154.87,,,0,37.4834256,127.0027845,https://kbland.kr/c/23068
19905,새티스(1435-2),서초구,서초동,18,200401,75.28,155.02,,,15,37.4846937,127.0240817,https://kbland.kr/c/19905
21421,새티스(1472-21).,서초구,서초동,19,200210,61.47,149.84,68700,153900,0,37.4813775,127.0099689,https://kbland.kr/c/21421
1716,샹보르,서초구,서초동,19,200212,208.76,283.78,230200,341100,3,37.4901898,127.0229586,https://kbland.kr/c/1716
48339,서리풀블레스빌,서초구,서초동,24,201911,33.90,63.87,,,0,37.4854854,127.002539,https://kbland.kr/c/48339
33265,서리풀월드메르디앙레브,서초구,서초동,40,201703,65.58,66.05,,,13,37.4828966,127.0030968,https://kbland.kr/c/33265
18715,서린,서초구,서초동,18,200407,90.23,141.73,109100,148400,0,37.4838317,127.0136000,https://kbland.kr/c/18715
1712,서신,서초구,서초동,48,199512,43.94,72.48,73600,73600,0,37.4817171,127.0053399,https://kbland.kr/c/1712
21075,서초,서초구,서초동,18,200410,62.05,139.12,79100,136300,0,37.4884279,127.0311231,https://kbland.kr/c/21075
21049,서초10차상지리츠빌,서초구,서초동,19,200509,180.30,229.37,274300,282300,18,37.4851354,127.0046614,https://kbland.kr/c/21049
12957,서초1차e-편한세상,서초구,서초동,154,200408,158.86,158.86,262500,262500,7,37.4811809,127.0069413,https://kbland.kr/c/12957
18778,서초1차엔-스위트,서초구,서초동,36,200409,135.54,135.68,164200,171600,12,37.4872236,127.0076076,https://kbland.kr/c/18778
13243,서초2차e-편한세상,서초구,서초동,159,200502,107.20,152.78,217500,247500,5,37.4868389,127.0090148,https://kbland.kr/c/13243
14553,서초3차e-편한세상,서초구,서초동,77,200512,160.08,189.85,235000,255000,7,37.4787634,127.0076969,https://kbland.kr/c/14553
1686,서초3차현대,서초구,서초동,96,199704,101.21,102.63,180000,180000,15,37.4927991,127.0214205,https://kbland.kr/c/1686
23066,서초4차 상지리츠빌,서초구,서초동,17,200412,152.37,184.69,244700,244700,10,37.4829942,127.0026156,https://kbland.kr/c/23066
1670,서초4차현대,서초구,서초동,160,200012,67.04,172.27,150000,270000,10,37.5001449,127.0173437,https://kbland.kr/c/1670
14554,서초5차e-편한세상,서초구,서초동,161,200512,190.30,190.30,267500,267500,4,37.4797323,127.0071866,https://kbland.kr/c/14554
21048,서초8차상지리츠빌,서초구,서초동,18,200606,141.18,165.20,214600,224700,0,37.4837183,127.0033120,https://kbland.kr/c/21048
19833,서초SK뷰,서초구,서초동,47,200606,102.15,165.38,182200,233000,1,37.4862126,127.0073948,https://kbland.kr/c/19833
47707,서초가람,서초구,서초동,10,200501,63.58,124.59,73700,131600,0,37.4850929,127.0245007,https://kbland.kr/c/47707
22976,서초교대e편한세상,서초구,서초동,435,201005,81.47,224.42,255000,377500,83,37.4969374,127.0173745,https://kbland.kr/c/22976
46168,서초그랑자이,서초구,서초동,1446,202106,83.85,192.98,320000,481667,268,37.4891436,127.0259572,https://kbland.kr/c/46168
12274,서초극동스타클래스1,서초구,서초동,90,200308,102.80,218.48,165000,195000,9,37.4878283,127.0228649,https://kbland.kr/c/12274
14301,서초극동스타클래스II,서초구,서초동,60,200609,74.92,130.76,112500,170000,11,37.4886753,127.0228652,https://kbland.kr/c/14301
1700,서초금호어울림,서초구,서초동,84,200112,156.91,185.88,175000,195000,2,37.4786116,127.0068293,https://kbland.kr/c/1700
25545,서초네스피아,서초구,서초동,24,200509,97.81,129.84,106000,149300,0,37.4806809,127.0096388,https://kbland.kr/c/25545
47386,서초노블레스(1560-7),서초구,서초동,7,201407,36.90,102.03,,,0,37.4894273,127.0110308,https://kbland.kr/c/47386
19729,서초노빌리에,서초구,서초동,19,200608,94.48,105.47,109200,116900,0,37.4899117,127.0133504,https://kbland.kr/c/19729
1698,서초녹원,서초구,서초동,35,199706,78.41,148.20,121400,174400,4,37.4925031,127.0172403,https://kbland.kr/c/1698
323996,서초다솔맴버스,서초구,서초동,6,200307,88.00,167.26,,,0,37.4866623,127.0059475,https://kbland.kr/c/323996
23228,서초대림빌라트,서초구,서초동,18,200412,164.13,223.32,215800,242700,8,37.4852045,127.0053841,https://kbland.kr/c/23228
20621,서초대성유니드,서초구,서초동,19,200502,122.25,145.28,180900,180900,1,37.4810068,127.0055189,https://kbland.kr/c/20621
36653,서초대우,서초구,서초동,73,200012,204.38,210.16,220000,220000,4,37.4795399,127.006335,https://kbland.kr/c/36653
25068,서초대우빌라로얄카운티,서초구,서초동,10,199801,236.52,263.82,,,1,37.4847163,127.0019872,https://kbland.kr/c/25068
1677,서초동 동아빌라트,서초구,서초동,19,199701,175.01,242.11,199400,241800,8,37.4951701,127.0193880,https://kbland.kr/c/1677
12170,서초동IPARK,서초구,서초동,115,200309,147.83,233.92,207500,262500,19,37.4854507,127.0230090,https://kbland.kr/c/12170
15815,서초동동일하이빌,서초구,서초동,54,200611,119.85,239.86,150000,177500,5,37.4914453,127.0081850,https://kbland.kr/c/15815
13452,서초동롯데캐슬리버티,서초구,서초동,132,200503,81.94,152.02,180000,240000,1,37.48748000,127.01673000,https://kbland.kr/c/13452
23060,서초동아,서초구,서초동,12,200610,118.82,161.13,125500,171300,1,37.4839152,127.0084994,https://kbland.kr/c/23060
12750,서초동풍림아이원,서초구,서초동,36,200401,135.85,140.71,169200,178200,6,37.4878072,127.0235889,https://kbland.kr/c/12750
13494,서초두산위브2,서초구,서초동,47,200507,136.12,177.68,190900,220100,6,37.4870706,127.0044209,https://kbland.kr/c/13494
35987,서초드림하이츠.,서초구,서초동,10,200303,69.23,132.97,74600,138900,8,37.4875977,127.0219483,https://kbland.kr/c/35987
12018,서초래미안,서초구,서초동,1129,200305,112.73,167.09,265000,337500,130,37.4985281,127.0190387,https://kbland.kr/c/12018
13730,서초래미안5차,서초구,서초동,54,200511,126.94,169.40,,,0,37.4858391,127.0079877,https://kbland.kr/c/13730
13906,서초래미안6차,서초구,서초동,57,200601,126.75,207.45,,,0,37.4857886,127.0073326,https://kbland.kr/c/13906
1710,서초로얄,서초구,서초동,40,200107,75.35,182.78,95800,195500,5,37.48864000,127.01725000,https://kbland.kr/c/1710
20721,서초로얄스위트,서초구,서초동,17,200605,154.05,209.85,208800,208800,0,37.4847750,127.0036033,https://kbland.kr/c/20721
26499,서초로즈힐,서초구,서초동,14,200502,98.61,167.71,114500,184800,0,37.4844114,127.0085720,https://kbland.kr/c/26499
26329,서초롯데캐슬프레지던트,서초구,서초동,280,201411,111.05,187.11,290000,332500,38,37.4969120,127.0197384,https://kbland.kr/c/26329
22567,서초리젠,서초구,서초동,18,200811,134.93,170.16,159300,190300,0,37.4842703,127.0197453,https://kbland.kr/c/22567
15354,서초벽산블루밍,서초구,서초동,60,200607,105.25,164.92,192500,220000,1,37.4858697,127.0257399,https://kbland.kr/c/15354
37906,서초블레스.,서초구,서초동,16,201706,56.84,98.61,62600,113700,1,37.4843527,127.0093364,https://kbland.kr/c/37906
48740,서초블리스,서초구,서초동,23,202002,47.95,81.22,58400,85100,4,37.4858555,127.0299849,https://kbland.kr/c/48740
1688,서초삼성래미안,서초구,서초동,299,200105,108.06,191.27,240000,285000,56,37.4931794,127.0194705,https://kbland.kr/c/1688
26695,서초삼원그린빌,서초구,서초동,12,200412,129.23,129.23,131300,131300,3,37.4809850,127.0093635,https://kbland.kr/c/26695
23065,서초상지리츠빌,서초구,서초동,18,200404,206.89,227.16,228600,288100,5,37.4841048,127.0031938,https://kbland.kr/c/23065
20660,서초상지리츠빌1차,서초구,서초동,19,200204,161.90,221.41,204800,273900,1,37.4828627,127.0022832,https://kbland.kr/c/20660
23067,서초상지리츠빌5차,서초구,서초동,12,2004.09,179.99,231.86,202100,283900,7,37.4833173,127.0027633,https://kbland.kr/c/23067
23113,서초상지리츠빌7차,서초구,서초동,14,200512,237.30,237.44,,,2,37.4833409,127.0023673,https://kbland.kr/c/23113
39089,서초센트럴아이파크,서초구,서초동,318,202008,104.92,107.07,220000,220000,85,37.4870073,127.0116499,https://kbland.kr/c/39089
21575,서초스위트빌,서초구,서초동,17,200308,100.96,101.19,,,0,37.4862193,127.0063206,https://kbland.kr/c/21575
14557,서초신원아침도시2차,서초구,서초동,88,200512,105.80,105.80,177500,177500,25,37.4842896,127.0242566,https://kbland.kr/c/14557
13948,서초쌍용플래티넘,서초구,서초동,109,200603,45.36,107.89,79000,132500,29,37.4841138,127.0171693,https://kbland.kr/c/13948
1717,서초아크빌,서초구,서초동,31,200302,256.73,271.38,296000,377800,3,37.4906276,127.0127530,https://kbland.kr/c/1717
1028885,서초아트래디앙,서초구,서초동,24,202305,60.74,102.17,,,45,37.486794,127.0107921,https://kbland.kr/c/1028885
1083486,서초아트빌.,서초구,서초동,16,200312,42.47,98.21,74200,106100,0,37.4871771,127.0264357,https://kbland.kr/c/1083486
24786,서초에버빌.,서초구,서초동,11,200307,90.29,150.00,103800,149300,0,37.4853443,127.0308802,https://kbland.kr/c/24786
20332,서초에지앙,서초구,서초동,19,200611,108.49,208.45,96300,129600,4,37.4949306,127.0209291,https://kbland.kr/c/20332
25987,서초엔-스위트2차,서초구,서초동,18,200412,122.79,124.64,149400,154800,0,37.4865295,127.0065086,https://kbland.kr/c/25987
30715,서초연우,서초구,서초동,19,201504,62.11,113.46,70400,118600,0,37.4814490,127.0056035,https://kbland.kr/c/30715
12021,서초예성그린,서초구,서초동,36,200308,49.69,123.77,60600,133300,6,37.4934811,127.0178268,https://kbland.kr/c/12021
13907,서초오로라,서초구,서초동,18,200407,81.37,177.07,94700,182800,4,37.4866897,127.0084175,https://kbland.kr/c/13907
19801,서초우방유쉘,서초구,서초동,49,200607,81.52,141.52,126400,183700,10,37.4898033,127.0111581,https://kbland.kr/c/19801
37800,서초웰하우스,서초구,서초동,12,201705,33.01,49.11,,,0,37.4814586,127.0053251,https://kbland.kr/c/37800
30436,서초자연인,서초구,서초동,29,201304,26.78,54.66,23000,37400,3,37.4872190,127.0276447,https://kbland.kr/c/30436
33332,서초자연인(도),서초구,서초동,29,201211,30.72,132.94,23600,46200,6,37.4872557,127.0277346,https://kbland.kr/c/33332
14031,서초자이,서초구,서초동,184,200604,106.97,184.32,200000,275000,20,37.4849852,127.0201091,https://kbland.kr/c/14031
312975,서초자이르네,서초구,서초동,67,202208,66.21,109.91,,,0,37.4825573,127.0134365,https://kbland.kr/c/312975
20962,서초지웰,서초구,서초동,60,200512,112.46,112.46,190000,190000,1,37.4842021,127.0137195,https://kbland.kr/c/20962
13321,서초캐슬,서초구,서초동,19,200309,138.13,145.26,152000,162800,1,37.49091100,127.01321300,https://kbland.kr/c/13321
26213,서초코아,서초구,서초동,15,200309,79.87,109.88,86500,115100,2,37.4803150,127.0111361,https://kbland.kr/c/26213
1708,서초타워씨티빌(선경),서초구,서초동,19,199610,167.46,228.83,172700,251600,8,37.4999865,127.0243238,https://kbland.kr/c/1708
12197,서초태동스위트,서초구,서초동,17,200108,46.67,130.85,102900,133200,0,37.49387000,127.01816000,https://kbland.kr/c/12197
25290,서초트레져,서초구,서초동,14,200512,236.78,245.69,223600,223600,6,37.4842964,127.0034740,https://kbland.kr/c/25290
29882,서초푸르지오써밋,서초구,서초동,907,201706,80.96,160.83,312500,410000,172,37.5013479,127.0211506,https://kbland.kr/c/29882
27101,서초프라임빌,서초구,서초동,10,200407,115.69,144.63,,,0,37.4895960,127.0133093,https://kbland.kr/c/27101
346219,서초프라임헤센,서초구,서초동,55,202101,73.95,91.03,,,12,37.4896776,127.0208993,https://kbland.kr/c/346219
25431,서초프레스턴-1,서초구,서초동,18,200509,247.69,258.73,350600,350600,0,37.4882916,127.0071072,https://kbland.kr/c/25431
25432,서초프레스턴-2,서초구,서초동,12,200604,154.74,207.90,200400,234100,0,37.4884262,127.0070376,https://kbland.kr/c/25432
33410,서초프레스티지,서초구,서초동,28,201703,47.85,92.17,85800,129000,16,37.4874885,127.0275507,https://kbland.kr/c/33410
1669,서초한빛삼성,서초구,서초동,264,199911,84.96,140.87,149000,245000,11,37.4884061,127.0078633,https://kbland.kr/c/1669
25414,서초한양수자인,서초구,서초동,24,201312,75.34,103.08,113400,130300,3,37.4874420,127.0273704,https://kbland.kr/c/25414
1689,서초한일,서초구,서초동,86,199710,76.82,108.87,137000,175000,12,37.49433000,127.02118000,https://kbland.kr/c/1689
1696,서초현대,서초구,서초동,299,199911,72.72,144.29,160000,242500,36,37.4910209,127.0199511,https://kbland.kr/c/1696
1697,서초현대리츠빌,서초구,서초동,44,200111,201.76,294.17,235600,423900,0,37.4869479,127.0297514,https://kbland.kr/c/1697
14555,서초현대홈타운,서초구,서초동,68,200506,110.27,155.73,165000,225000,12,37.4886282,127.0053501,https://kbland.kr/c/14555
1715,서초힐하우스,서초구,서초동,15,200209,112.21,133.40,117900,130100,0,37.4888993,127.0205442,https://kbland.kr/c/1715
21002,수광빌라트.,서초구,서초동,12,199612,162.72,228.36,158400,212600,14,37.4936358,127.0188525,https://kbland.kr/c/21002
426723,스타시드(도),서초구,서초동,8,202107,62.45,69.57,,,0,37.4892547,127.0115057,https://kbland.kr/c/426723
20213,신구블레스벨리,서초구,서초동,10,200209,117.79,165.18,131700,187700,0,37.4880057,127.0073937,https://kbland.kr/c/20213
12830,신원아침도시,서초구,서초동,40,200408,98.44,103.50,129400,149200,14,37.4845174,127.0234621,https://kbland.kr/c/12830
1672,아남,서초구,서초동,166,199001,92.08,103.18,200000,212500,12,37.4930107,127.0207937,https://kbland.kr/c/1672
22104,아이파크빌,서초구,서초동,66,200109,194.71,298.07,250000,330000,4,37.4813996,127.0083065,https://kbland.kr/c/22104
24738,애지앙,서초구,서초동,16,200308,68.65,114.92,73400,110000,0,37.4806783,127.0103964,https://kbland.kr/c/24738
49274,에비앙하우스(도),서초구,서초동,16,201701,25.48,51.26,,,1,37.4812126,127.0058987,https://kbland.kr/c/49274
20715,엘리제,서초구,서초동,10,200505,83.51,113.33,90200,116200,0,37.4811630,127.0101752,https://kbland.kr/c/20715
22482,예림,서초구,서초동,16,200305,58.49,98.17,102200,110800,1,37.4845466,127.0096557,https://kbland.kr/c/22482
27993,옥스포드빌,서초구,서초동,11,200307,83.42,105.67,96400,108100,0,37.4861881,127.0055520,https://kbland.kr/c/27993
32270,옥스포드빌2차.,서초구,서초동,7,200401,49.51,104.13,,,0,37.4853266,127.0059705,https://kbland.kr/c/32270
44512,와이에이치빌리지,서초구,서초동,20,201812,24.72,37.74,,,0,37.4896532,127.0201448,https://kbland.kr/c/44512
1673,우성(5차),서초구,서초동,408,199806,74.48,167.83,185000,275000,47,37.4945023,127.0268943,https://kbland.kr/c/1673
13173,우정에쉐르,서초구,서초동,77,200409,32.60,102.78,96500,127500,15,37.48464000,127.02851500,https://kbland.kr/c/13173
1707,월드메르디앙(1549-3),서초구,서초동,44,200210,159.41,225.43,195900,250300,14,37.4903033,127.0106087,https://kbland.kr/c/1707
1703,월드메르디앙(1634-9),서초구,서초동,37,200209,152.81,181.07,214100,247400,25,37.49193100,127.02216700,https://kbland.kr/c/1703
12851,월드메르디앙오페라하우스,서초구,서초동,47,200409,173.80,221.69,229300,235500,27,37.48141000,127.01395000,https://kbland.kr/c/12851
1682,월드빌라트,서초구,서초동,19,199701,281.06,453.71,,,11,37.4856652,127.0055250,https://kbland.kr/c/1682
1674,유원서초,서초구,서초동,590,199311,105.80,105.86,272500,272500,53,37.4961545,127.0185835,https://kbland.kr/c/1674
12286,장미,서초구,서초동,18,200106,75.44,140.21,89500,133900,2,37.4851590,127.0313575,https://kbland.kr/c/12286
1683,장복엘리트타운,서초구,서초동,18,199309,156.72,249.47,163700,250300,4,37.485924,127.0048823,https://kbland.kr/c/1683
20238,진성그린,서초구,서초동,12,200210,38.01,107.16,41900,105300,0,37.4804870,127.0080020,https://kbland.kr/c/20238
1668,진흥,서초구,서초동,615,197908,107.50,172.16,313333,408333,68,37.4973503,127.0226213,https://kbland.kr/c/1668
1695,초원현대,서초구,서초동,48,199811,87.93,124.63,141800,149900,7,37.4850783,127.0193842,https://kbland.kr/c/1695
30792,칼리아빌.,서초구,서초동,10,200704,93.41,135.03,110200,138600,20,37.4876235,127.0209905,https://kbland.kr/c/30792
1684,트라움하우스2차,서초구,서초동,19,199609,293.26,293.88,,,0,37.4858521,127.0020399,https://kbland.kr/c/1684
21060,트라움하우스3차,서초구,서초동,19,200202,345.03,393.61,,,4,37.4861917,127.0027704,https://kbland.kr/c/21060
21061,트라움하우스5차,서초구,서초동,18,2003,322.53,466.67,,,3,37.4864838,127.0032188,https://kbland.kr/c/21061
347066,파크힐스1,서초구,서초동,16,201710,40.03,42.75,,,0,37.4860103,127.0036486,https://kbland.kr/c/347066
347067,파크힐스2,서초구,서초동,16,201710,40.03,42.75,,,0,37.486037,127.0034774,https://kbland.kr/c/347067
1098818,팬타트럼1단지(도시형),서초구,서초동,34,201903,38.02,64.09,,,0,37.4882854,127.0107508,https://kbland.kr/c/1098818
1098817,팬타트럼2단지(도시형),서초구,서초동,30,201902,36.03,53.66,,,0,37.4885334,127.0108193,https://kbland.kr/c/1098817
21272,한성,서초구,서초동,19,200301,112.99,141.36,121700,150600,0,37.4867838,127.0078169,https://kbland.kr/c/21272
12721,한승미메이드,서초구,서초동,18,200408,92.63,142.36,100300,148700,1,37.4836579,127.0197925,https://kbland.kr/c/12721
1691,한신(플러스타운),서초구,서초동,194,200112,113.63,147.27,200000,220000,2,37.4824822,127.0138438,https://kbland.kr/c/1691
499537,해오름빌(도),서초구,서초동,12,201208,23.04,85.27,,,0,37.4878996,127.0057294,https://kbland.kr/c/499537
23771,햄튼코트,서초구,서초동,19,200412,164.34,205.33,198200,216400,1,37.4839850,127.0201108,https://kbland.kr/c/23771
42766,헤센파크힐,서초구,서초동,102,201807,32.22,54.58,,,0,37.4911742,127.0224866,https://kbland.kr/c/42766
1675,현대,서초구,서초동,413,198912,91.52,109.44,180000,237000,27,37.4859415,127.0235227,https://kbland.kr/c/1675
23404,현대빌리지,서초구,서초동,13,200510,132.29,156.66,166700,176800,3,37.4915470,127.0171171,https://kbland.kr/c/23404
1685,현대서초빌라트(1495-1),서초구,서초동,19,199406,195.69,255.70,235700,357100,5,37.4855796,127.0017834,https://kbland.kr/c/1685
1687,현대서초빌라트(1497-18),서초구,서초동,11,199705,289.31,291.84,,,1,37.4863154,127.0035489,https://kbland.kr/c/1687
22987,현대임페리움,서초구,서초동,15,200412,140.15,190.22,,,0,37.4901105,127.0220889,https://kbland.kr/c/22987
20159,화원그랑빌,서초구,서초동,37,200207,70.31,136.84,95300,142100,0,37.4875006,127.0084068,https://kbland.kr/c/20159
28959,서초포레스타3단지,서초구,신원동,482,201406,82.02,155.43,160000,202500,51,37.4548534,127.0589887,https://kbland.kr/c/28959
28960,서초포레스타5단지,서초구,신원동,547,201405,80.40,154.33,157500,225000,54,37.4515241,127.0571407,https://kbland.kr/c/28960
29664,서초포레스타6단지,서초구,신원동,585,201504,86.35,121.75,170000,192500,12,37.449807,127.0555354,https://kbland.kr/c/29664
27988,서초포레스타7단지,서초구,신원동,310,201310,87.67,123.42,160000,192500,22,37.4493007,127.0567356,https://kbland.kr/c/27988
28230,힐스테이트서초젠트리스,서초구,신원동,256,201501,114.32,153.03,200000,240000,25,37.4562845,127.0576571,https://kbland.kr/c/28230
382058,강남월드메르디앙프레스티지,서초구,양재동,29,202211,48.41,57.00,,,15,37.4843664,127.0362863,https://kbland.kr/c/382058
28731,경희궁,서초구,양재동,10,200111,86.73,95.33,93000,107000,0,37.4697787,127.0402722,https://kbland.kr/c/28731
34773,광정,서초구,양재동,11,200404,34.49,89.71,41700,85900,0,37.4839746,127.0403997,https://kbland.kr/c/34773
1736,그린씨티.,서초구,양재동,11,200303,96.36,154.45,110600,118800,0,37.4709251,127.0449717,https://kbland.kr/c/1736
23216,금강,서초구,양재동,19,200302,98.56,197.50,98100,107200,0,37.4673450,127.0446103,https://kbland.kr/c/23216
1734,금일,서초구,양재동,10,200208,68.89,119.65,79300,108600,0,37.4825200,127.0414321,https://kbland.kr/c/1734
18690,길명오퍼스,서초구,양재동,19,200502,88.93,176.88,99800,117900,0,37.4824749,127.0396821,https://kbland.kr/c/18690
42606,노블하우스.,서초구,양재동,15,200103,63.36,81.89,73700,93600,0,37.4698983,127.0405851,https://kbland.kr/c/42606
1732,누리빌.,서초구,양재동,10,200205,87.96,89.17,86700,94200,0,37.4702880,127.0486540,https://kbland.kr/c/1732
24482,뉴현대,서초구,양재동,14,199206,85.55,144.65,105700,153800,0,37.4732595,127.0450551,https://kbland.kr/c/24482
19354,다원,서초구,양재동,12,200212,57.27,95.51,92700,115000,0,37.46944000,127.04401000,https://kbland.kr/c/19354
37034,대흥.,서초구,양재동,16,200209,50.14,118.55,,,1,37.4831925,127.0408274,https://kbland.kr/c/37034
24283,동원,서초구,양재동,11,200109,95.21,96.85,,,0,37.4671523,127.0441832,https://kbland.kr/c/24283
19650,동원그린.,서초구,양재동,11,200205,85.30,90.50,87100,93000,1,37.46821000,127.04577000,https://kbland.kr/c/19650
21310,드림팰리스101동,서초구,양재동,34,200407,80.63,134.14,89600,114700,1,37.4822877,127.0416725,https://kbland.kr/c/21310
344998,런던빌양재,서초구,양재동,16,202101,32.36,33.13,,,0,37.4721012,127.0499885,https://kbland.kr/c/344998
48716,리시본하우스,서초구,양재동,27,202005,33.82,67.67,52700,89300,6,37.4811166,127.0386899,https://kbland.kr/c/48716
28119,리젠시,서초구,양재동,10,200105,77.91,80.89,84100,89400,2,37.4722136,127.0494436,https://kbland.kr/c/28119
23735,리치스.,서초구,양재동,19,201111,100.01,100.75,113200,120500,0,37.4714115,127.0471814,https://kbland.kr/c/23735
23100,마로니에,서초구,양재동,11,200301,94.89,94.89,,,0,37.4667249,127.0437025,https://kbland.kr/c/23100
21559,메르디안하우스,서초구,양재동,16,200112,200.99,224.31,126800,126800,0,37.47572000,127.03732000,https://kbland.kr/c/21559
18738,메이저,서초구,양재동,11,200211,80.46,116.96,90200,90200,0,37.4832535,127.0418863,https://kbland.kr/c/18738
2308649,모나코(도시형),서초구,양재동,8,201612,39.75,59.62,,,0,37.4729612,127.0402753,https://kbland.kr/c/2308649
1719,미라보,서초구,양재동,15,199203,175.31,241.99,189600,227600,0,37.4830875,127.0369812,https://kbland.kr/c/1719
18421,미영,서초구,양재동,36,200312,29.41,135.44,86300,127800,2,37.4820226,127.0412010,https://kbland.kr/c/18421
40006,반트하임(도),서초구,양재동,40,201609,40.70,58.76,,,2,37.4761278,127.0363709,https://kbland.kr/c/40006
18953,베누시아,서초구,양재동,20,200409,79.06,155.30,89400,121600,0,37.4811355,127.0395955,https://kbland.kr/c/18953
24473,블루하이츠,서초구,양재동,16,200006,97.77,98.44,115800,121900,0,37.4712400,127.0460304,https://kbland.kr/c/24473
38076,비버리하임(도시형),서초구,양재동,60,201707,34.67,68.24,,,6,37.4797025,127.0401564,https://kbland.kr/c/38076
50375,비젼(101동),서초구,양재동,19,200302,90.44,125.32,100900,112800,0,37.481383,127.0397624,https://kbland.kr/c/50375
12022,"비젼(102,103동)",서초구,양재동,37,200302,80.67,162.69,90600,118900,0,37.4809097,127.0399067,https://kbland.kr/c/12022
1720,삼익양재빌라,서초구,양재동,18,199303,180.86,184.17,151800,151800,0,37.4785315,127.0407142,https://kbland.kr/c/1720
1728,새티스(359),서초구,양재동,19,200012,130.06,130.06,137600,137600,0,37.4685605,127.0445044,https://kbland.kr/c/1728
30329,새티스(402-10),서초구,양재동,16,200109,50.46,66.40,63600,63600,0,37.4711719,127.0498864,https://kbland.kr/c/30329
421661,서초,서초구,양재동,10,200104,,,,,0,37.4707429,127.0406961,https://kbland.kr/c/421661
43010,서초미르,서초구,양재동,8,201604,81.52,82.30,,,0,37.4716982,127.0503381,https://kbland.kr/c/43010
39327,선경에버빌,서초구,양재동,10,200212,54.40,90.62,54200,90600,0,37.4705776,127.046367,https://kbland.kr/c/39327
1726,성영,서초구,양재동,14,200204,54.45,93.24,58400,97900,2,37.4654991,127.0352281,https://kbland.kr/c/1726
1729,시그마.,서초구,양재동,16,200204,100.69,122.47,91200,103000,0,37.47464000,127.04496000,https://kbland.kr/c/1729
1723,신영체르니,서초구,양재동,175,200208,43.79,78.38,50000,115000,0,37.4792128,127.0413839,https://kbland.kr/c/1723
1725,아원데코빌,서초구,양재동,14,200109,36.22,149.68,43600,134000,0,37.4656754,127.0354185,https://kbland.kr/c/1725
18424,양재.,서초구,양재동,15,200201,77.61,93.47,84300,93300,1,37.4837985,127.0390865,https://kbland.kr/c/18424
1721,양재대웅,서초구,양재동,54,199107,117.43,117.76,210000,210000,0,37.4751238,127.0327646,https://kbland.kr/c/1721
1730,양재동 리치타운,서초구,양재동,19,200207,93.38,162.27,93600,135800,0,37.46669000,127.03476000,https://kbland.kr/c/1730
20163,양재메트로,서초구,양재동,19,200207,80.97,93.92,86200,101000,0,37.47188000,127.04052000,https://kbland.kr/c/20163
425217,양재비버리하임3차(도),서초구,양재동,40,202109,36.45,59.20,,,1,37.468626,127.0411364,https://kbland.kr/c/425217
424158,양재삼성베스트빌(도),서초구,양재동,20,201901,17.14,35.97,,,0,37.4710847,127.0455768,https://kbland.kr/c/424158
1724,양재테크노,서초구,양재동,19,200107,88.47,150.71,93500,104000,0,37.4734575,127.0472572,https://kbland.kr/c/1724
1727,양재테크노2차,서초구,양재동,19,200204,73.32,142.42,107100,107100,0,37.4824335,127.0418742,https://kbland.kr/c/1727
18422,양재테크노3차,서초구,양재동,19,200210,49.99,100.99,64800,95100,0,37.4818323,127.0410791,https://kbland.kr/c/18422
18423,양재테크노5차,서초구,양재동,18,200306,44.12,116.90,50400,113300,0,37.4832589,127.0403259,https://kbland.kr/c/18423
32488,양재파크뷰,서초구,양재동,7,200211,102.13,102.13,,,0,37.4836101,127.0391907,https://kbland.kr/c/32488
25338,양재현대,서초구,양재동,14,200301,63.93,125.23,83100,118600,0,37.4739556,127.0442322,https://kbland.kr/c/25338
499211,에이치빌(도),서초구,양재동,22,201111,25.22,110.78,,,0,37.4733837,127.0441763,https://kbland.kr/c/499211
18720,우면파크.,서초구,양재동,10,200302,67.59,85.60,75100,88400,0,37.4702591,127.0484283,https://kbland.kr/c/18720
36275,우성,서초구,양재동,944,199111,89.42,102.54,200000,215000,65,37.4748751,127.0313288,https://kbland.kr/c/36275
347213,우성(113동),서초구,양재동,150,199107,102.54,102.54,210000,210000,6,37.4778136,127.0289424,https://kbland.kr/c/347213
30174,월드빌,서초구,양재동,15,200209,37.25,88.65,43600,84800,1,37.4793670,127.0393016,https://kbland.kr/c/30174
18342,위너스,서초구,양재동,13,200309,60.80,94.72,70200,98600,0,37.4807051,127.0387530,https://kbland.kr/c/18342
1731,인랜드,서초구,양재동,12,200203,88.00,88.00,116100,116100,0,37.4688119,127.0466152,https://kbland.kr/c/1731
427265,중앙클래식,서초구,양재동,16,201704,34.19,47.89,,,0,37.4840853,127.0390471,https://kbland.kr/c/427265
32099,진흥(아마란스),서초구,양재동,15,200505,103.03,103.37,,,0,37.4798500,127.0399625,https://kbland.kr/c/32099
12171,초원탑스빌,서초구,양재동,12,200306,68.15,100.05,77600,101500,0,37.46652000,127.03456000,https://kbland.kr/c/12171
421648,태양파크빌,서초구,양재동,11,200209,,,,,0,37.4836124,127.0393078,https://kbland.kr/c/421648
22895,파빌리온.,서초구,양재동,30,200312,89.39,143.45,93000,133100,0,37.4715097,127.0504247,https://kbland.kr/c/22895
20148,파크뷰,서초구,양재동,15,200204,49.73,90.71,58000,108900,0,37.47094000,127.04733000,https://kbland.kr/c/20148
19651,파크사이드.,서초구,양재동,14,200205,74.06,76.37,93900,93900,0,37.4706012,127.043065,https://kbland.kr/c/19651
1733,포레스빌,서초구,양재동,19,200204,104.55,105.20,114400,117600,2,37.47472000,127.03649000,https://kbland.kr/c/1733
2157228,풍원파크빌(도시형),서초구,양재동,18,201603,26.26,39.79,,,0,37.4753006,127.0373143,https://kbland.kr/c/2157228
724130,풍원하임빌(도),서초구,양재동,28,201704,34.96,54.69,,,0,37.4693065,127.0466479,https://kbland.kr/c/724130
1735,프라임,서초구,양재동,10,200210,88.98,88.98,95700,95700,5,37.4709708,127.0495271,https://kbland.kr/c/1735
20349,한아름.,서초구,양재동,19,200301,60.19,158.94,94500,99100,1,37.48414000,127.04128000,https://kbland.kr/c/20349
31303,한일인텔,서초구,양재동,12,200604,212.30,253.75,212800,221600,1,37.4786322,127.0375811,https://kbland.kr/c/31303
18425,해청,서초구,양재동,16,200306,89.69,210.78,101500,161400,1,37.4811614,127.0405675,https://kbland.kr/c/18425
19841,해청3차,서초구,양재동,19,200407,82.28,145.72,93300,121500,0,37.4813431,127.0385300,https://kbland.kr/c/19841
24290,해청파인빌,서초구,양재동,15,200403,119.70,153.98,104600,127100,0,37.4807277,127.0404148,https://kbland.kr/c/24290
1722,현대.,서초구,양재동,19,199401,145.80,168.48,,,6,37.4702867,127.0440302,https://kbland.kr/c/1722
20755,현대타운,서초구,양재동,34,200510,86.08,145.31,92400,131100,0,37.4805678,127.0395915,https://kbland.kr/c/20755
14934,현대테라하임(11-120),서초구,양재동,14,200606,151.39,214.69,157100,157100,0,37.4832751,127.0367753,https://kbland.kr/c/14934
24929,현대테라하임(11-74),서초구,양재동,14,200606,141.18,215.87,152600,227500,7,37.4834310,127.0371125,https://kbland.kr/c/24929
18013,휴먼시티,서초구,양재동,16,200109,67.77,92.50,67100,88800,0,37.4706878,127.0490672,https://kbland.kr/c/18013
28054,힐하우스,서초구,양재동,16,199806,173.47,178.87,156500,170400,10,37.4714993,127.0457784,https://kbland.kr/c/28054
1738,대림,서초구,우면동,412,199503,155.59,155.59,207500,207500,31,37.4731282,127.0234746,https://kbland.kr/c/1738
1737,동고(동양고속),서초구,우면동,330,199504,96.98,105.47,160000,165000,36,37.4714005,127.0237571,https://kbland.kr/c/1737
27465,서초네이처힐1단지,서초구,우면동,178,201211,110.25,148.68,165000,202500,11,37.4636642,127.0198561,https://kbland.kr/c/27465
25639,서초네이처힐2단지,서초구,우면동,133,201205,78.72,112.20,,,2,37.4627873,127.0216875,https://kbland.kr/c/25639
26688,서초네이처힐3단지,서초구,우면동,1251,201301,112.06,151.95,202500,215000,64,37.4647218,127.0279022,https://kbland.kr/c/26688
25074,서초네이처힐4단지,서초구,우면동,409,201112,115.84,163.44,196000,196000,19,37.4637175,127.0263100,https://kbland.kr/c/25074
26689,서초네이처힐6단지,서초구,우면동,382,201302,81.93,155.53,152500,190000,13,37.4614952,127.0267119,https://kbland.kr/c/26689
25075,서초네이처힐7단지,서초구,우면동,275,201112,85.73,120.25,150000,167500,6,37.4619084,127.0232815,https://kbland.kr/c/25075
25380,서초호반써밋,서초구,우면동,550,201310,128.07,213.47,195000,250000,49,37.4565524,127.0130654,https://kbland.kr/c/25380
24933,서초힐스,서초구,우면동,1082,201212,81.96,116.29,174000,197500,70,37.4574598,127.0181512,https://kbland.kr/c/24933
50464,우리집(도),서초구,우면동,10,201807,19.95,40.11,,,0,37.4692763,127.0257792,https://kbland.kr/c/50464
1740,우면한라,서초구,우면동,252,199408,78.93,78.93,160000,160000,14,37.4716955,127.0256639,https://kbland.kr/c/1740
1739,코오롱,서초구,우면동,300,199409,73.06,73.06,160000,160000,32,37.4725769,127.0276535,https://kbland.kr/c/1739
25666,호반써밋서초파크,서초구,우면동,424,201312,71.15,116.53,146500,185000,45,37.4582064,127.0235154,https://kbland.kr/c/25666
25652,호반써밋서초파크뷰,서초구,우면동,358,201312,81.97,116.25,134500,150000,41,37.4593198,127.0251463,https://kbland.kr/c/25652
1523,강변,서초구,잠원동,360,198706,89.35,101.08,280000,310000,71,37.5178928,127.0126993,https://kbland.kr/c/1523
1568,금호베스트빌,서초구,잠원동,117,200211,101.34,166.07,310000,380000,44,37.5147153,127.0141551,https://kbland.kr/c/1568
1574,노블레스,서초구,잠원동,19,200006,145.64,199.89,240600,240600,5,37.50968000,127.01522000,https://kbland.kr/c/1574
1569,대주피오레,서초구,잠원동,49,200301,103.10,152.16,160400,198400,21,37.51290000,127.01696000,https://kbland.kr/c/1569
21687,데뜨아르,서초구,잠원동,22,200801,111.55,112.30,216900,228000,0,37.5084523,127.0086839,https://kbland.kr/c/21687
1525,동아,서초구,잠원동,991,200207,81.33,109.07,302500,350000,152,37.5091437,127.0105524,https://kbland.kr/c/1525
18760,띠에라하우스,서초구,잠원동,15,200301,304.48,304.48,,,0,37.5226530,127.0162567,https://kbland.kr/c/18760
34969,래미안신반포리오센트,서초구,잠원동,475,201906,85.91,172.80,320000,480000,90,37.518478,127.0137617,https://kbland.kr/c/34969
28490,래미안신반포팰리스,서초구,잠원동,843,201606,111.79,169.02,400000,515000,129,37.515289,127.0121511,https://kbland.kr/c/28490
1557,로즈빌,서초구,잠원동,19,199412,173.87,211.73,213800,221000,1,37.51274800,127.01592300,https://kbland.kr/c/1557
1564,롯데캐슬갤럭시(1차),서초구,잠원동,256,200208,140.41,193.84,350000,405000,47,37.5203664,127.0165017,https://kbland.kr/c/1564
12529,롯데캐슬갤럭시(2차),서초구,잠원동,428,200404,128.98,168.28,340000,400000,21,37.5186629,127.0164335,https://kbland.kr/c/12529
12014,메이플라워,서초구,잠원동,15,200306,90.22,125.50,150400,150400,0,37.5140475,127.0075805,https://kbland.kr/c/12014
1092721,메이플자이,서초구,잠원동,3307,202506,61.65,207.46,,,476,37.5115798,127.0130889,https://kbland.kr/c/1092721
1562,미주파스텔,서초구,잠원동,91,200207,67.65,104.68,220000,235000,15,37.5173021,127.0110216,https://kbland.kr/c/1562
47515,반포르엘,서초구,잠원동,596,202208,79.34,156.21,485000,550000,181,37.5075939,127.0028318,https://kbland.kr/c/47515
48900,반포르엘2차,서초구,잠원동,280,202212,73.52,132.36,440000,440000,25,37.50884,127.002318,https://kbland.kr/c/48900
39123,반포센트럴자이,서초구,잠원동,757,202004,82.17,155.55,380000,535000,270,37.5072568,127.0016103,https://kbland.kr/c/39123
1544,반포한신타워,서초구,잠원동,250,199605,83.77,159.58,250000,382500,40,37.5109802,127.0060602,https://kbland.kr/c/1544
1563,보미리전빌,서초구,잠원동,41,200108,105.68,135.15,155900,205000,1,37.5122979,127.0160080,https://kbland.kr/c/1563
12302,브라운스톤잠원,서초구,잠원동,83,200309,103.19,103.19,310000,310000,2,37.5081674,127.0090948,https://kbland.kr/c/12302
1565,블루힐하우스(청구2차),서초구,잠원동,125,199911,80.07,113.10,210000,260000,28,37.5117369,127.0060389,https://kbland.kr/c/1565
18759,빌폴라리스,서초구,잠원동,15,200310,293.06,293.06,,,0,37.5224243,127.0158411,https://kbland.kr/c/18759
1548,새서울,서초구,잠원동,20,197505,159.71,159.71,,,1,37.5151608,127.0178821,https://kbland.kr/c/1548
19038,성진준빌라트,서초구,잠원동,19,200405,63.40,159.95,47100,108700,0,37.5116326,127.0161864,https://kbland.kr/c/19038
35347,세인트빌,서초구,잠원동,5,200403,72.79,97.23,,,0,37.5202699,127.014366,https://kbland.kr/c/35347
1524,신반포(한신12차),서초구,잠원동,324,198204,59.35,114.10,247500,380000,7,37.5164915,127.0146411,https://kbland.kr/c/1524
1538,신반포(한신16차),서초구,잠원동,396,198306,57.58,91.49,270000,330000,13,37.5174576,127.0099099,https://kbland.kr/c/1538
1540,신반포(한신19차),서초구,잠원동,242,198307,88.42,120.96,292500,380000,78,37.5142254,127.0101785,https://kbland.kr/c/1540
1561,신반포(한신20차),서초구,잠원동,112,198312,155.60,155.60,380000,380000,8,37.5104195,127.0115033,https://kbland.kr/c/1561
1550,신반포(한신25차),서초구,잠원동,169,198410,113.97,126.22,377500,410000,32,37.5148608,127.0093471,https://kbland.kr/c/1550
1543,신반포(한신26차),서초구,잠원동,66,198411,126.72,155.93,305000,330000,1,37.5129565,127.0096310,https://kbland.kr/c/1543
1519,신반포(한신27차),서초구,잠원동,156,198501,58.06,118.82,272500,292500,21,37.5158772,127.0095757,https://kbland.kr/c/1519
1520,신반포(한신2차),서초구,잠원동,1572,197807,74.18,164.72,400000,800000,646,37.5094074,127.0011948,https://kbland.kr/c/1520
1530,신반포(한신4차),서초구,잠원동,1212,197910,103.57,168.64,455000,642500,411,37.5083541,127.0060007,https://kbland.kr/c/1530
1533,신반포(한신7차),서초구,잠원동,320,198004,116.40,153.62,360000,430000,31,37.5121731,127.0086234,https://kbland.kr/c/1533
1541,신반포22차,서초구,잠원동,132,198311,112.73,128.88,,,0,37.5115937,127.007295,https://kbland.kr/c/1541
49604,신반포르엘,서초구,잠원동,330,202306,66.68,156.72,352500,405000,20,37.5169924,127.0136862,https://kbland.kr/c/49604
32368,신반포자이,서초구,잠원동,607,201807,85.34,203.13,370000,530000,97,37.5101662,127.0084079,https://kbland.kr/c/32368
340670,신반포중앙하이츠,서초구,잠원동,29,202104,67.12,107.21,,,4,37.5115309,127.0055155,https://kbland.kr/c/340670
1556,신반포청구(1차),서초구,잠원동,347,199801,80.09,109.65,280000,310000,118,37.5143338,127.0084025,https://kbland.kr/c/1556
1551,신화,서초구,잠원동,166,199710,76.94,109.70,210000,242500,27,37.5157210,127.0137347,https://kbland.kr/c/1551
33814,아크로리버뷰신반포,서초구,잠원동,595,201806,109.57,117.92,490000,520000,145,37.5148678,127.0074889,https://kbland.kr/c/33814
2150671,오티에르반포,서초구,잠원동,251,202606,60.59,235.04,,,12,37.5091962,127.0138222,https://kbland.kr/c/2150671
2153614,오티에르신반포,서초구,잠원동,178,202606,59.59,129.54,,,64,37.5199847,127.013547,https://kbland.kr/c/2153614
1552,오페라하우스,서초구,잠원동,19,199701,211.88,256.09,,,0,37.5122314,127.0059079,https://kbland.kr/c/1552
23383,유로미,서초구,잠원동,11,200509,95.04,95.36,107300,114400,1,37.5134681,127.0158682,https://kbland.kr/c/23383
387334,잠원2차중앙하이츠,서초구,잠원동,126,199812,83.33,104.90,250000,277500,0,37.5100596,127.0048056,https://kbland.kr/c/387334
1566,잠원동대우아이빌,서초구,잠원동,168,200107,39.60,69.65,54000,90000,14,37.5114518,127.0182814,https://kbland.kr/c/1566
1567,잠원동월드메르디앙,서초구,잠원동,107,200202,107.46,146.22,210000,220000,5,37.5125346,127.0162990,https://kbland.kr/c/1567
18603,잠원동트루빌,서초구,잠원동,19,200407,101.81,102.15,116500,128500,0,37.5121033,127.0164404,https://kbland.kr/c/18603
1553,잠원빌라트,서초구,잠원동,19,199705,261.23,267.88,,,2,37.5186208,127.0114001,https://kbland.kr/c/1553
23117,잠원상지리츠빌카일룸,서초구,잠원동,14,200901,204.64,241.69,,,1,37.5220926,127.0160491,https://kbland.kr/c/23117
40510,잠원시티,서초구,잠원동,29,201708,29.55,33.44,46600,47900,4,37.5117833,127.0053164,https://kbland.kr/c/40510
20877,잠원씨제이빌리지,서초구,잠원동,17,200610,133.98,158.42,,,0,37.5148846,127.0085423,https://kbland.kr/c/20877
21077,잠원아이비,서초구,잠원동,31,200510,91.06,135.70,118300,157600,1,37.5117167,127.0165473,https://kbland.kr/c/21077
12194,잠원위브,서초구,잠원동,49,200306,64.71,117.64,,,0,37.5068786,127.000584,https://kbland.kr/c/12194
1554,잠원중앙하이츠,서초구,잠원동,18,199712,276.99,276.99,,,0,37.5102343,127.0052218,https://kbland.kr/c/1554
1529,잠원한신.,서초구,잠원동,540,199207,94.42,94.42,340000,340000,51,37.5159997,127.0104279,https://kbland.kr/c/1529
1526,잠원한신그린,서초구,잠원동,150,199301,96.50,96.50,280000,280000,16,37.5132915,127.0079477,https://kbland.kr/c/1526
1545,잠원현대,서초구,잠원동,238,199212,103.77,103.77,285000,285000,25,37.5186695,127.0129040,https://kbland.kr/c/1545
1572,지오빌,서초구,잠원동,14,200111,262.58,270.04,,,0,37.5221887,127.0156858,https://kbland.kr/c/1572
1571,킴스빌리지,서초구,잠원동,160,199612,34.79,55.09,110000,162500,13,37.5108124,127.0064696,https://kbland.kr/c/1571
1522,한강,서초구,잠원동,450,198907,94.84,103.75,275000,335000,23,37.5214911,127.0152312,https://kbland.kr/c/1522
1527,한신로얄.,서초구,잠원동,208,199205,90.37,93.78,285000,285000,28,37.5133558,127.0090212,https://kbland.kr/c/1527
1558,한신진일빌라트,서초구,잠원동,19,199602,160.87,226.43,,,3,37.5151300,127.0087992,https://kbland.kr/c/1558
1559,한신타운,서초구,잠원동,110,198906,79.93,98.02,205000,250000,5,37.5094835,127.0114486,https://kbland.kr/c/1559
1546,한신훼미리.,서초구,잠원동,288,199206,101.05,103.17,280000,280000,17,37.51920000,127.01462000,https://kbland.kr/c/1546
1573,현대실크빌라트,서초구,잠원동,19,199811,286.81,286.86,,,0,37.5124716,127.0098411,https://kbland.kr/c/1573
1555,현대훼밀리,서초구,잠원동,113,199708,73.43,104.20,240000,270000,29,37.5090637,127.0128382,https://kbland.kr/c/1555
31450,e편한세상금호파크힐스,성동구,금호동1가,1193,201802,85.84,164.78,200000,237500,107,37.5544161,127.0229242,https://kbland.kr/c/31450
1769,금호삼성래미안,성동구,금호동1가,582,200111,78.46,138.88,162000,190000,101,37.5495868,127.0273217,https://kbland.kr/c/1769
21552,금화신금호,성동구,금호동1가,19,200303,97.44,102.70,76100,76100,0,37.5565525,127.0230321,https://kbland.kr/c/21552
1768,벽산,성동구,금호동1가,1707,200112,78.09,141.41,160000,185000,389,37.5514532,127.0274785,https://kbland.kr/c/1768
14085,신금호두산위브,성동구,금호동1가,169,200603,79.34,143.44,120000,145000,3,37.5561442,127.0226979,https://kbland.kr/c/14085
18691,푸른마을8차,성동구,금호동1가,19,200203,85.65,116.33,,,0,37.5564046,127.0225813,https://kbland.kr/c/18691
20018,하나,성동구,금호동1가,18,200310,55.38,104.87,90500,107100,3,37.5506685,127.0266508,https://kbland.kr/c/20018
22336,금호센트럴자이,성동구,금호동2가,401,201201,83.96,140.01,177500,211000,45,37.5528026,127.0223852,https://kbland.kr/c/22336
22271,래미안하이리버,성동구,금호동2가,847,201204,84.55,149.92,190000,226500,119,37.5510915,127.0251292,https://kbland.kr/c/22271
30760,신금호파크자이,성동구,금호동2가,1156,201604,81.20,142.92,205000,250000,90,37.5553933,127.0185977,https://kbland.kr/c/30760
13364,금호1차푸르지오,성동구,금호동3가,336,200505,78.70,135.33,161000,179000,33,37.5497412,127.0209368,https://kbland.kr/c/13364
13487,금호동한신휴플러스,성동구,금호동3가,323,200507,80.96,154.11,153500,177500,31,37.5500330,127.0180924,https://kbland.kr/c/13487
22491,금호리버힐자이,성동구,금호동3가,403,201207,82.14,148.59,168000,187500,55,37.5505339,127.0219903,https://kbland.kr/c/22491
1767,두산,성동구,금호동3가,1267,199409,82.29,145.16,157000,195000,110,37.5506860,127.0164429,https://kbland.kr/c/1767
1771,금호동대우,성동구,금호동4가,1181,200010,79.74,145.72,167500,224000,80,37.5461149,127.0204411,https://kbland.kr/c/1771
1770,롯데,성동구,금호동4가,249,200301,114.64,114.79,166000,166000,8,37.5469348,127.0171825,https://kbland.kr/c/1770
14800,브라운스톤금호,성동구,금호동4가,217,200703,106.45,106.45,182000,182000,40,37.5469021,127.0154175,https://kbland.kr/c/14800
22238,브라운스톤금호2차,성동구,금호동4가,86,201001,109.50,111.04,176000,176000,0,37.5476325,127.0154871,https://kbland.kr/c/22238
19261,삼산,성동구,금호동4가,75,197512,49.45,49.49,,,2,37.5474557,127.0245944,https://kbland.kr/c/19261
22957,서울숲2차푸르지오,성동구,금호동4가,586,201208,77.60,146.05,210000,265000,134,37.5464508,127.0240189,https://kbland.kr/c/22957
616088,서울숲르씨엘,성동구,금호동4가,108,202212,77.55,111.41,140000,153000,8,37.5474824,127.0228593,https://kbland.kr/c/616088
15069,서울숲푸르지오,성동구,금호동4가,888,200707,73.07,136.20,197500,265000,98,37.5449583,127.0222102,https://kbland.kr/c/15069
31564,힐스테이트서울숲리버,성동구,금호동4가,606,201802,80.54,168.87,200000,367500,97,37.5470532,127.0263825,https://kbland.kr/c/31564
34482,로젠빌(도).,성동구,도선동,27,201212,21.66,25.00,,,0,37.5644072,127.0325962,https://kbland.kr/c/34482
32925,에코하우스(도시형),성동구,도선동,56,201106,17.21,17.96,,,0,37.5650616,127.0321915,https://kbland.kr/c/32925
12530,금호어울림,성동구,마장동,367,200611,80.45,137.75,126000,167500,10,37.5629788,127.0408549,https://kbland.kr/c/12530
13098,대성유니드,성동구,마장동,248,200412,77.27,134.90,129000,151500,27,37.5670404,127.0383804,https://kbland.kr/c/13098
1751,마장동삼웅,성동구,마장동,37,199508,113.47,204.37,84400,109500,7,37.5664644,127.0462323,https://kbland.kr/c/1751
21725,마장동해맑은,성동구,마장동,19,200406,101.07,101.28,88000,88000,0,37.5642956,127.0410078,https://kbland.kr/c/21725
1749,삼성,성동구,마장동,430,199612,85.72,167.63,134000,164000,14,37.5663043,127.0398275,https://kbland.kr/c/1749
33103,삼성홈타운(도시형),성동구,마장동,123,201503,22.76,59.48,,,4,37.5635862,127.0390927,https://kbland.kr/c/33103
1750,세림,성동구,마장동,811,198611,61.11,103.02,103000,144000,28,37.5649222,127.0449389,https://kbland.kr/c/1750
14567,신명스카이뷰,성동구,마장동,52,200512,107.62,107.62,102000,102000,1,37.5654169,127.0381749,https://kbland.kr/c/14567
49748,오렌지타운(도),성동구,마장동,28,201711,34.77,69.22,,,0,37.5680525,127.0445037,https://kbland.kr/c/49748
1748,왕십리중앙하이츠,성동구,마장동,170,199906,87.53,109.29,119500,126000,3,37.5656112,127.0387950,https://kbland.kr/c/1748
40231,우성에비뉴,성동구,마장동,60,201710,79.54,101.54,,,1,37.570886,127.0390026,https://kbland.kr/c/40231
1752,장원,성동구,마장동,38,200209,93.78,197.20,70400,75000,4,37.5691380,127.0448058,https://kbland.kr/c/1752
424040,청계더빌(도).,성동구,마장동,11,201111,17.49,41.93,,,0,37.5671935,127.0355567,https://kbland.kr/c/424040
12605,청계미소지움,성동구,마장동,286,200406,76.37,106.60,118500,133500,15,37.5688311,127.0436325,https://kbland.kr/c/12605
1747,청계현대,성동구,마장동,1017,199804,81.77,203.48,127000,161500,61,37.5699659,127.0424520,https://kbland.kr/c/1747
20622,태성,성동구,마장동,28,200412,85.96,100.01,85700,95100,1,37.5672191,127.0459623,https://kbland.kr/c/20622
40632,"트레저힐스(775-4,도시형)",성동구,마장동,24,201803,32.78,34.57,,,2,37.5653658,127.0404138,https://kbland.kr/c/40632
40627,트레저힐스(도),성동구,마장동,24,201803,33.43,33.94,,,4,37.5653895,127.0402231,https://kbland.kr/c/40627
25898,행복드림,성동구,마장동,19,200506,94.74,191.85,86800,139100,1,37.5677443,127.0440539,https://kbland.kr/c/25898
1755,드림시드,성동구,사근동,20,200112,102.45,151.34,65200,138300,1,37.5611423,127.0486345,https://kbland.kr/c/1755
1754,벽산,성동구,사근동,133,200005,31.35,127.51,68000,93500,1,37.5606256,127.0495778,https://kbland.kr/c/1754
43072,"어반큐브(민간임대,도시형)",성동구,사근동,94,201808,25.18,50.17,,,0,37.5626505,127.0485819,https://kbland.kr/c/43072
49172,인암빌(도시형),성동구,사근동,84,201808,24.25,45.66,,,0,37.5611961,127.0460921,https://kbland.kr/c/49172
382445,제이앤피빌(도).,성동구,사근동,29,201711,29.62,110.63,53100,60200,0,37.5631125,127.0483879,https://kbland.kr/c/382445
47226,청계더하임,성동구,사근동,26,201906,29.55,54.58,,,0,37.562861,127.048348,https://kbland.kr/c/47226
1753,하이츠(중앙),성동구,사근동,270,198909,90.00,90.00,90000,90000,5,37.5619963,127.0485983,https://kbland.kr/c/1753
43071,한양마이라움(도시형),성동구,사근동,107,201802,25.80,26.33,,,10,37.5634876,127.0482374,https://kbland.kr/c/43071
25842,텐즈힐(2구역),성동구,상왕십리동,1148,201402,80.90,195.24,149500,235000,428,37.5692582,127.0248137,https://kbland.kr/c/25842
1799,강변건영,성동구,성수동1가,580,200202,95.56,109.84,237500,267500,71,37.5402421,127.0448804,https://kbland.kr/c/1799
1786,동아,성동구,성수동1가,390,198305,57.07,105.45,189000,289000,10,37.5446047,127.0461827,https://kbland.kr/c/1786
726365,뚝섬리치빌,성동구,성수동1가,36,201701,18.24,38.04,,,0,37.5473716,127.0451818,https://kbland.kr/c/726365
1785,뚝섬현대,성동구,성수동1가,99,199203,101.34,101.34,142500,142500,0,37.5477539,127.0489831,https://kbland.kr/c/1785
296152,베스트하우스(도).,성동구,성수동1가,10,201704,38.36,38.36,,,0,37.5458893,127.0464768,https://kbland.kr/c/296152
1784,서울숲대림,성동구,성수동1가,372,200010,83.25,102.61,182000,199000,18,37.5419840,127.0452316,https://kbland.kr/c/1784
1098958,서울숲아이파크리버포레1차,성동구,성수동1가,825,202501,81.51,115.89,,,134,37.5509075,127.043089,https://kbland.kr/c/1098958
2104562,서울숲아이파크리버포레2차,성동구,성수동1가,528,202512,82.02,116.46,,,0,37.5494421,127.0434105,https://kbland.kr/c/2104562
1783,성수2차대우,성동구,성수동1가,283,199907,82.64,108.70,146500,171500,5,37.5487177,127.0500686,https://kbland.kr/c/1783
12025,성수3차금호베스트빌,성동구,성수동1가,159,200304,76.11,108.59,137500,197500,7,37.54192000,127.05040000,https://kbland.kr/c/12025
1797,성수동동아그린,성동구,성수동1가,331,199906,75.55,145.22,140000,161500,22,37.5508023,127.0482200,https://kbland.kr/c/1797
1801,성수동동양(동양메이저),성동구,성수동1가,142,200109,80.27,112.77,262500,317500,49,37.5377388,127.0461909,https://kbland.kr/c/1801
1803,성수파크빌,성동구,성수동1가,18,200211,134.47,135.32,171400,187000,19,37.5482639,127.0396289,https://kbland.kr/c/1803
1794,성수현대그린,성동구,성수동1가,219,199411,77.39,110.69,145000,177500,6,37.54064000,127.05004000,https://kbland.kr/c/1794
1782,쌍용,성동구,성수동1가,777,199707,75.31,99.79,181500,200000,55,37.5493264,127.0473334,https://kbland.kr/c/1782
1099223,에스포레,성동구,성수동1가,25,202307,25.19,39.00,61400,61400,9,37.5421205,127.0472474,https://kbland.kr/c/1099223
1787,우방,성동구,성수동1가,92,199710,81.52,115.43,120000,144000,7,37.55071000,127.04729000,https://kbland.kr/c/1787
18889,우성,성동구,성수동1가,55,200411,103.46,149.32,145000,145000,19,37.5488473,127.0504970,https://kbland.kr/c/18889
49616,위더스하임2차,성동구,성수동1가,16,201505,27.22,35.90,,,0,37.541141,127.0499351,https://kbland.kr/c/49616
1788,장미.,성동구,성수동1가,173,198204,58.71,81.80,,,5,37.5430894,127.0459983,https://kbland.kr/c/1788
14685,중앙하이츠빌,성동구,성수동1가,256,200310,107.92,108.16,199500,199500,20,37.5478875,127.0476686,https://kbland.kr/c/14685
43357,청호서울숲뜨레피움,성동구,성수동1가,28,201811,21.66,26.10,,,3,37.5478679,127.0500926,https://kbland.kr/c/43357
19172,태천해오름,성동구,성수동1가,49,200504,76.28,152.51,,,0,37.5479838,127.0495573,https://kbland.kr/c/19172
29237,트리마제,성동구,성수동1가,688,201705,39.18,292.31,133000,705000,197,37.5388926,127.0449415,https://kbland.kr/c/29237
1802,한양현대,성동구,성수동1가,168,199805,84.24,107.77,152000,159500,3,37.5455650,127.0479471,https://kbland.kr/c/1802
1789,한진타운,성동구,성수동1가,378,199404,78.94,103.53,210000,234000,38,37.5410933,127.0454014,https://kbland.kr/c/1789
1781,현대,성동구,성수동1가,217,199009,82.29,104.86,157500,190000,7,37.5481189,127.0406379,https://kbland.kr/c/1781
29530,E-아름다운세상,성동구,성수동2가,52,201404,94.56,112.19,103500,120000,18,37.5477857,127.0608313,https://kbland.kr/c/29530
1805,강변금호타운(금호타운1차강변),성동구,성수동2가,108,199402,82.53,105.92,257500,305000,0,37.5353171,127.0576724,https://kbland.kr/c/1805
1798,강변임광,성동구,성수동2가,141,200008,79.94,117.79,235000,312500,18,37.53516000,127.05691000,https://kbland.kr/c/1798
1795,강변청구(102동),성동구,성수동2가,47,199506,76.56,108.05,,,3,37.5354257,127.0538547,https://kbland.kr/c/1795
1791,강변현대,성동구,성수동2가,123,199403,97.25,104.81,302500,302500,16,37.5363712,127.0509154,https://kbland.kr/c/1791
430041,그루빌2차,성동구,성수동2가,16,201611,36.50,38.11,,,0,37.5487845,127.0540751,https://kbland.kr/c/430041
12479,금강아미움,성동구,성수동2가,130,200403,83.23,100.14,114000,134000,6,37.5465874,127.0597147,https://kbland.kr/c/12479
1796,금호(2차),성동구,성수동2가,141,199708,81.79,108.16,122000,135000,9,37.5435725,127.0534042,https://kbland.kr/c/1796
22147,대명루첸,성동구,성수동2가,114,200902,113.50,153.76,,,4,37.5371580,127.0591542,https://kbland.kr/c/22147
525681,르하임성수(도),성동구,성수동2가,29,202205,19.34,41.06,,,10,37.5423165,127.0547406,https://kbland.kr/c/525681
1807,삼익,성동구,성수동2가,30,198512,66.71,66.71,182500,182500,0,37.5356408,127.0581332,https://kbland.kr/c/1807
1042354,새연재(민간임대).,성동구,성수동2가,8,201608,32.11,32.34,,,0,37.5495276,127.0536464,https://kbland.kr/c/1042354
21206,서울숲힐스테이트,성동구,성수동2가,445,200906,60.07,304.93,146000,340000,16,37.5417999,127.0525779,https://kbland.kr/c/21206
21785,성동상가,성동구,성수동2가,78,197804,23.57,75.34,,,2,37.53874000,127.05389000,https://kbland.kr/c/21785
1804,성수동2차우방,성동구,성수동2가,221,199912,80.25,113.69,117500,143000,15,37.5483706,127.0517252,https://kbland.kr/c/1804
14266,성수동두산위브,성동구,성수동2가,157,200605,91.31,179.46,110000,197500,0,37.5373339,127.0586088,https://kbland.kr/c/14266
12317,성수동롯데캐슬파크,성동구,성수동2가,604,200309,79.46,140.33,156250,228000,8,37.5460821,127.0562355,https://kbland.kr/c/12317
12198,성수동아이파크,성동구,성수동2가,656,200309,106.94,139.77,186500,231000,46,37.5471712,127.0572177,https://kbland.kr/c/12198
430037,성수리치빌,성동구,성수동2가,40,201607,34.00,59.69,,,0,37.5487878,127.0537814,https://kbland.kr/c/430037
347069,성수빌리지.,성동구,성수동2가,37,201701,33.34,36.80,,,0,37.5401028,127.0607282,https://kbland.kr/c/347069
22225,성수우성2차,성동구,성수동2가,52,200604,63.90,134.38,,,4,37.5409706,127.0581671,https://kbland.kr/c/22225
437290,시타리움.,성동구,성수동2가,16,201608,39.39,39.78,,,0,37.5499377,127.0544756,https://kbland.kr/c/437290
1800,신성노바빌,성동구,성수동2가,146,200112,86.88,109.16,106000,137500,3,37.5391149,127.0571041,https://kbland.kr/c/1800
20996,이화,성동구,성수동2가,24,200412,98.47,101.62,124600,130600,0,37.5416968,127.0554535,https://kbland.kr/c/20996
1806,청구강변(1차),성동구,성수동2가,246,199311,73.38,104.03,276500,310000,15,37.5355181,127.0546375,https://kbland.kr/c/1806
47675,테라타워,성동구,성수동2가,12,201910,18.38,34.49,,,0,37.5479899,127.0551006,https://kbland.kr/c/47675
1793,한강한신,성동구,성수동2가,202,199904,78.45,112.21,272500,332500,13,37.53587000,127.05289000,https://kbland.kr/c/1793
1790,건영,성동구,송정동,447,200005,86.42,136.49,100000,130500,5,37.5560237,127.0702577,https://kbland.kr/c/1790
1808,금호베스트빌,성동구,송정동,60,200212,87.83,143.82,100500,112500,1,37.5493546,127.0575750,https://kbland.kr/c/1808
2099010,디에이원파크(도시형),성동구,송정동,20,202105,29.57,36.49,,,0,37.5585081,127.0729344,https://kbland.kr/c/2099010
21162,서울숲아이파크,성동구,송정동,241,200903,84.40,152.89,111500,155000,0,37.5524997,127.0689999,https://kbland.kr/c/21162
26369,성동리버뷰,성동구,송정동,17,200407,49.57,77.77,,,0,37.5552624,127.0696899,https://kbland.kr/c/26369
38673,양지쉐르빌,성동구,송정동,28,201606,68.17,68.18,67700,70300,1,37.5576291,127.0723763,https://kbland.kr/c/38673
487994,히페리온리버팰리스,성동구,송정동,29,202201,91.86,93.00,109900,109900,2,37.5486923,127.0634184,https://kbland.kr/c/487994
31563,e편한세상옥수파크힐스,성동구,옥수동,1976,201612,82.67,154.14,222500,282500,252,37.547845,127.0126545,https://kbland.kr/c/31563
1773,극동그린,성동구,옥수동,583,199710,83.52,141.82,139000,179000,86,37.5419537,127.0098247,https://kbland.kr/c/1773
1775,극동옥정,성동구,옥수동,72,199812,71.85,108.91,95000,133500,2,37.5405187,127.0138494,https://kbland.kr/c/1775
1779,동인샤인빌,성동구,옥수동,68,200211,72.95,99.19,108000,120500,13,37.5450280,127.0175810,https://kbland.kr/c/1779
22566,래미안옥수리버젠,성동구,옥수동,1511,201212,79.43,174.62,220000,330000,307,37.5449106,127.0138406,https://kbland.kr/c/22566
35669,레미테지,성동구,옥수동,18,200402,216.64,247.94,267100,293300,0,37.5395879,127.01199,https://kbland.kr/c/35669
340525,모닝빌,성동구,옥수동,17,200012,225.05,226.13,,,1,37.5396563,127.0112643,https://kbland.kr/c/340525
38606,예건네스빌,성동구,옥수동,15,200511,82.00,83.57,94700,94700,0,37.5421777,127.0166522,https://kbland.kr/c/38606
21727,옥수,성동구,옥수동,50,197511,44.99,70.84,,,3,37.5432836,127.0158612,https://kbland.kr/c/21727
12910,옥수강변풍림아이원,성동구,옥수동,269,200410,105.86,105.86,225000,225000,27,37.5423770,127.0195281,https://kbland.kr/c/12910
1772,옥수동극동,성동구,옥수동,900,198612,80.09,170.42,165500,240000,186,37.54326000,127.01150000,https://kbland.kr/c/1772
1776,옥수삼성,성동구,옥수동,1114,199904,85.69,144.57,195500,260000,126,37.5424210,127.0139828,https://kbland.kr/c/1776
24977,옥수어울림,성동구,옥수동,297,201201,92.90,162.88,190000,235000,37,37.5421486,127.0180601,https://kbland.kr/c/24977
1780,옥수이테크빌,성동구,옥수동,28,200212,108.23,108.23,132500,132500,0,37.5427195,127.0173623,https://kbland.kr/c/1780
1778,옥수하이츠,성동구,옥수동,774,199803,105.80,139.68,250000,345000,51,37.5402415,127.0162746,https://kbland.kr/c/1778
1774,옥수현대,성동구,옥수동,566,199005,76.97,140.76,166500,247500,46,37.5441854,127.0191989,https://kbland.kr/c/1774
13145,옥수힐,성동구,옥수동,27,200406,82.89,134.80,93000,146300,8,37.54214000,127.01204000,https://kbland.kr/c/13145
48303,한남포도빌,성동구,옥수동,7,201707,190.38,481.51,,,1,37.5406082,127.010216,https://kbland.kr/c/48303
1777,한남하이츠,성동구,옥수동,535,198209,93.72,193.46,263500,443500,44,37.5396028,127.0142349,https://kbland.kr/c/1777
21542,화이트캐슬,성동구,옥수동,12,200509,84.69,153.79,112900,114700,4,37.5409436,127.0097136,https://kbland.kr/c/21542
15776,YM프라젠,성동구,용답동,83,200711,79.82,105.88,71000,88000,15,37.5613833,127.0586798,https://kbland.kr/c/15776
29837,덕현해밀,성동구,용답동,66,201401,66.89,110.14,107000,107000,14,37.5646833,127.0533182,https://kbland.kr/c/29837
2308637,용답루체하임(도시형),성동구,용답동,16,202602,19.65,38.76,,,0,37.5640706,127.0539247,https://kbland.kr/c/2308637
1809,중앙하이츠,성동구,용답동,136,199511,85.86,109.53,91500,113500,0,37.5631785,127.0555671,https://kbland.kr/c/1809
1047455,청계SK뷰(주상복합),성동구,용답동,396,202507,83.23,116.71,,,1,37.569052,127.0488162,https://kbland.kr/c/1047455
50204,힐데스하임(도시형),성동구,용답동,170,202003,25.24,48.67,,,0,37.5609801,127.0651035,https://kbland.kr/c/50204
1763,금호현대,성동구,응봉동,644,199009,81.05,143.97,151500,190000,100,37.5514183,127.0308967,https://kbland.kr/c/1763
1762,대림(1차),성동구,응봉동,855,198701,85.02,147.53,167500,239000,178,37.55179000,127.03300000,https://kbland.kr/c/1762
1764,대림2차,성동구,응봉동,410,198909,81.29,112.45,146000,164000,23,37.5529077,127.0323261,https://kbland.kr/c/1764
1766,대림강변타운,성동구,응봉동,1150,200110,79.80,142.53,161500,213000,106,37.5536948,127.0360168,https://kbland.kr/c/1766
12024,서울숲리버그린동아,성동구,응봉동,375,200306,81.69,141.57,162500,186500,94,37.5535003,127.0375811,https://kbland.kr/c/12024
1765,신동아,성동구,응봉동,434,199604,81.64,136.39,127500,159000,62,37.5498103,127.0292992,https://kbland.kr/c/1765
1746,극동미라주,성동구,하왕십리동,414,200112,89.79,141.17,129000,154000,49,37.5588852,127.0229224,https://kbland.kr/c/1746
1745,금호베스트빌,성동구,하왕십리동,458,200110,87.07,150.03,123000,144000,60,37.5616405,127.0259652,https://kbland.kr/c/1745
18784,뉴타운,성동구,하왕십리동,19,200405,77.88,124.71,56800,81500,0,37.5645489,127.0268102,https://kbland.kr/c/18784
21467,드림.,성동구,하왕십리동,17,200701,76.46,98.57,74500,74500,0,37.5634439,127.0283074,https://kbland.kr/c/21467
1742,무학현대,성동구,하왕십리동,277,199603,97.86,98.44,126500,126500,11,37.5614326,127.0280619,https://kbland.kr/c/1742
39225,블루빌(도).,성동구,하왕십리동,25,201412,17.10,53.17,11400,11500,0,37.5634312,127.0276477,https://kbland.kr/c/39225
20266,상왕.,성동구,하왕십리동,19,200201,61.35,91.55,59400,92600,4,37.5635367,127.0286344,https://kbland.kr/c/20266
30573,센트라스1.2차,성동구,하왕십리동,2529,201611,57.60,149.73,130000,251500,755,37.5665631,127.0247871,https://kbland.kr/c/30573
28649,왕십리KCC스위첸,성동구,하왕십리동,272,201604,78.51,110.84,143000,163000,62,37.5609820,127.0269585,https://kbland.kr/c/28649
2099008,왕십리센트럴(도시형),성동구,하왕십리동,88,202303,26.10,80.33,,,0,37.5608479,127.0295486,https://kbland.kr/c/2099008
31234,왕십리자이,성동구,하왕십리동,713,201707,73.14,112.79,144500,184000,85,37.5604835,127.0246567,https://kbland.kr/c/31234
13025,왕십리풍림아이원,성동구,하왕십리동,758,200412,74.87,144.01,148000,166000,28,37.5588506,127.0252771,https://kbland.kr/c/13025
1743,청계벽산,성동구,하왕십리동,1332,199606,88.99,139.51,141500,159000,51,37.56889000,127.03129000,https://kbland.kr/c/1743
28431,텐즈힐,성동구,하왕십리동,1702,201504,83.91,179.28,192000,252500,547,37.5689007,127.0282393,https://kbland.kr/c/28431
21862,하왕십리신영지웰,성동구,하왕십리동,82,200910,109.38,174.33,130000,145000,1,37.5609257,127.0310792,https://kbland.kr/c/21862
1741,한신무학,성동구,하왕십리동,480,198903,74.15,143.51,127500,152500,17,37.5627798,127.0286329,https://kbland.kr/c/1741
1744,한진해모로,성동구,하왕십리동,362,200106,77.88,146.32,116500,142500,21,37.5632962,127.0267812,https://kbland.kr/c/1744
1076815,그린하우스,성동구,행당동,8,202201,39.67,39.67,,,0,37.5611712,127.0339021,https://kbland.kr/c/1076815
12023,다울아크로빌,성동구,행당동,19,200301,117.37,215.29,115400,147000,0,37.5599679,127.0295169,https://kbland.kr/c/12023
1760,두산,성동구,행당동,251,199706,79.12,104.26,119000,127500,1,37.5647240,127.0371764,https://kbland.kr/c/1760
16047,두산위브,성동구,행당동,465,200912,82.55,143.33,173000,195000,60,37.5564298,127.0322126,https://kbland.kr/c/16047
1508442,라체르보푸르지오써밋,성동구,행당동,958,202507,61.98,157.55,,,0,37.5570504,127.0371048,https://kbland.kr/c/1508442
1761,삼부,성동구,행당동,498,199611,81.77,146.88,163500,233000,20,37.5598790,127.0374991,https://kbland.kr/c/1761
24965,서울숲더샵,성동구,행당동,495,201409,119.16,210.81,188500,345000,120,37.5562603,127.0401375,https://kbland.kr/c/24965
31867,서울숲리버뷰자이,성동구,행당동,1034,201806,84.90,186.81,215500,355000,117,37.5556873,127.0383792,https://kbland.kr/c/31867
1759,서울숲한신더휴,성동구,행당동,1410,200312,80.99,142.42,163000,198500,265,37.554894,127.0366096,https://kbland.kr/c/1759
16151,서울숲행당푸르지오,성동구,행당동,457,201105,79.53,143.75,160500,203500,39,37.5558998,127.0335097,https://kbland.kr/c/16151
1756,신동아,성동구,행당동,636,199305,76.68,134.56,142500,169000,111,37.5543716,127.0328391,https://kbland.kr/c/1756
1914861,에뜨롬행당(도시형),성동구,행당동,45,202308,40.53,60.36,,,1,37.5606226,127.0326108,https://kbland.kr/c/1914861
21724,우성.,성동구,행당동,19,200301,75.40,88.68,87400,97000,0,37.5620008,127.0391357,https://kbland.kr/c/21724
313590,지웰홈스왕십리(도시형),성동구,행당동,299,202008,26.70,57.56,,,0,37.5634075,127.0377648,https://kbland.kr/c/313590
21018,한성,성동구,행당동,19,200303,89.53,110.11,92800,92800,0,37.5623317,127.0388371,https://kbland.kr/c/21018
21726,한성하이빌,성동구,행당동,8,200210,62.74,82.79,,,0,37.5623231,127.0388825,https://kbland.kr/c/21726
1757,행당동대림,성동구,행당동,3404,200101,83.76,137.26,159250,188500,517,37.5577589,127.0272833,https://kbland.kr/c/1757
12467,행당브라운스톤,성동구,행당동,208,200403,77.44,141.40,136500,175500,39,37.5588990,127.0300529,https://kbland.kr/c/12467
1758,행당한진타운,성동구,행당동,2123,200011,86.96,144.37,162500,190500,412,37.5558909,127.0291298,https://kbland.kr/c/1758
45318,미네하우스Ⅱ(도),성동구,홍익동,20,201703,20.63,36.00,,,2,37.5652971,127.0322376,https://kbland.kr/c/45318
21728,베론하이츠빌,성동구,홍익동,9,200504,72.30,72.30,,,10,37.5678914,127.0317139,https://kbland.kr/c/21728
34481,에코하우스,성동구,홍익동,22,201105,16.13,38.22,,,0,37.5659453,127.0322707,https://kbland.kr/c/34481
26288,주암해븐,성동구,홍익동,18,200710,93.56,98.56,73500,80500,0,37.5660713,127.0311597,https://kbland.kr/c/26288
13813,청계대주파크빌,성동구,홍익동,101,200510,90.68,102.40,100500,100500,8,37.5673067,127.0312682,https://kbland.kr/c/13813
18692,홍익한신,성동구,홍익동,95,197506,62.98,80.20,,,1,37.5666458,127.0338145,https://kbland.kr/c/18692
1954,GS프라자.,송파구,가락동,18,199207,169.02,169.02,130300,130300,6,37.4930703,127.1322177,https://kbland.kr/c/1954
21949,SD펠리체,송파구,가락동,18,200710,88.60,97.39,85500,96900,0,37.4924023,127.1320559,https://kbland.kr/c/21949
18160,e-지브로,송파구,가락동,19,200401,93.77,172.41,93200,154100,0,37.5008374,127.1248896,https://kbland.kr/c/18160
40317,가락(헤븐스테이).,송파구,가락동,12,200705,65.51,65.51,57600,57600,2,37.4943072,127.137715,https://kbland.kr/c/40317
1961,가락2차쌍용,송파구,가락동,492,199910,81.34,108.34,168500,187500,43,37.5017562,127.1224247,https://kbland.kr/c/1961
37050,가락3차쌍용스윗닷홈,송파구,가락동,258,200502,79.58,154.87,146000,176500,15,37.4980896,127.1230183,https://kbland.kr/c/37050
1952,가락7차현대,송파구,가락동,72,199111,97.89,97.89,110500,110500,0,37.4969659,127.1336134,https://kbland.kr/c/1952
48698,가락그랑밸리,송파구,가락동,12,200106,36.31,113.80,,,0,37.4945254,127.1265382,https://kbland.kr/c/48698
1960,가락금호,송파구,가락동,915,199708,80.77,108.14,180000,202500,133,37.4967090,127.1162072,https://kbland.kr/c/1960
1941,가락대림,송파구,가락동,443,198811,73.93,141.31,140000,200000,22,37.4994036,127.1186748,https://kbland.kr/c/1941
1953,가락동부센트레빌,송파구,가락동,264,200111,141.91,170.81,207500,225000,15,37.4979861,127.1158868,https://kbland.kr/c/1953
1959,가락동현대빌라트,송파구,가락동,19,199608,180.10,246.44,140700,197300,0,37.503949,127.1242628,https://kbland.kr/c/1959
1947,가락쌍용(1차),송파구,가락동,2064,199611,81.21,110.67,189500,217500,472,37.4956217,127.1276237,https://kbland.kr/c/1947
1956,가락우성(1차),송파구,가락동,838,198612,62.51,147.10,155000,212500,32,37.4966175,127.1178044,https://kbland.kr/c/1956
1962,가락우성(2차),송파구,가락동,162,199710,69.61,107.47,95000,140000,30,37.4919036,127.1255254,https://kbland.kr/c/1962
1957,가락풍림,송파구,가락동,105,199511,80.02,107.49,100500,126000,8,37.4955052,127.1263881,https://kbland.kr/c/1957
1942,가락한신,송파구,가락동,256,199212,102.12,102.31,165000,165000,44,37.4896401,127.1216279,https://kbland.kr/c/1942
21664,가락한일유앤아이,송파구,가락동,14,200401,100.16,112.88,101600,101600,1,37.49591000,127.12648000,https://kbland.kr/c/21664
22679,가락현대,송파구,가락동,90,199112,93.36,95.97,146000,146000,13,37.5003232,127.1296909,https://kbland.kr/c/22679
1951,가락현대(6차),송파구,가락동,160,199212,100.59,100.59,163000,163000,20,37.4976758,127.1226081,https://kbland.kr/c/1951
13668,가락현대TWELVE,송파구,가락동,38,200412,80.73,147.38,92900,121100,3,37.49216000,127.13176000,https://kbland.kr/c/13668
384689,강남팰리스(도),송파구,가락동,10,202102,46.50,61.18,,,1,37.4969408,127.1219089,https://kbland.kr/c/384689
23502,골드팰리스,송파구,가락동,19,200712,69.53,97.78,67800,93700,0,37.4963665,127.1307660,https://kbland.kr/c/23502
1967,그랜드,송파구,가락동,18,200212,77.63,101.90,76800,76800,0,37.4984913,127.1171701,https://kbland.kr/c/1967
1964,그린,송파구,가락동,18,199603,64.84,99.09,48200,48200,0,37.5038022,127.1237240,https://kbland.kr/c/1964
303541,그린빌(도),송파구,가락동,10,201208,24.67,55.39,,,0,37.500911,127.1230688,https://kbland.kr/c/303541
1943,극동,송파구,가락동,555,198412,79.36,171.42,194000,250000,27,37.4957334,127.1328994,https://kbland.kr/c/1943
41063,금홍해오름.,송파구,가락동,6,200402,85.86,85.86,,,0,37.4966201,127.1340023,https://kbland.kr/c/41063
23681,노블레스트.,송파구,가락동,16,200309,78.21,81.77,,,0,37.4947709,127.1245646,https://kbland.kr/c/23681
13669,대련,송파구,가락동,13,200111,50.41,115.86,39400,69500,0,37.4969246,127.1330589,https://kbland.kr/c/13669
662051,더샵송파루미스타,송파구,가락동,179,202605,79.62,131.05,,,0,37.4996052,127.131171,https://kbland.kr/c/662051
19811,동구햇살,송파구,가락동,19,200211,79.20,96.14,58700,64100,0,37.49389000,127.13577000,https://kbland.kr/c/19811
1963,동궁리치웰,송파구,가락동,80,200212,104.37,161.40,117000,135000,3,37.4937011,127.1322331,https://kbland.kr/c/1963
12722,동궁리치웰,송파구,가락동,12,200404,84.37,94.64,84300,84300,0,37.4966089,127.1343368,https://kbland.kr/c/12722
15437,동성,송파구,가락동,41,200605,41.95,134.28,60600,103700,2,37.5008693,127.1255452,https://kbland.kr/c/15437
15139,래미안파크팰리스,송파구,가락동,919,200711,86.42,142.72,199000,249000,52,37.4981807,127.1324074,https://kbland.kr/c/15139
24582,로즈힐,송파구,가락동,29,200902,81.47,122.60,66900,85900,4,37.4922090,127.1229661,https://kbland.kr/c/24582
1944,미륭,송파구,가락동,435,198611,67.92,100.02,163500,192500,16,37.4937996,127.1285974,https://kbland.kr/c/1944
1041407,미성하르딘(도),송파구,가락동,10,201705,34.90,51.29,,,0,37.5036833,127.124262,https://kbland.kr/c/1041407
432605,베아트리스(도),송파구,가락동,20,201803,25.78,35.81,,,0,37.4967011,127.1207229,https://kbland.kr/c/432605
47385,보스턴파크(도),송파구,가락동,20,201505,29.38,33.75,,,1,37.4934542,127.1265364,https://kbland.kr/c/47385
44605,삼성베네스트(도),송파구,가락동,10,201812,25.12,51.32,,,1,37.4986321,127.1199248,https://kbland.kr/c/44605
19061,삼성프라자,송파구,가락동,16,199512,153.93,153.93,100000,100000,0,37.49662000,127.13518000,https://kbland.kr/c/19061
1945,삼환가락,송파구,가락동,648,198411,93.44,143.74,195000,225000,33,37.4951757,127.1367282,https://kbland.kr/c/1945
25818,성해,송파구,가락동,12,200303,86.79,86.79,97200,97200,0,37.4901481,127.1208756,https://kbland.kr/c/25818
13250,송파동부센트레빌,송파구,가락동,206,200502,106.48,106.48,189000,189000,15,37.5004931,127.1089697,https://kbland.kr/c/13250
303521,스타빌리지(도),송파구,가락동,7,201904,40.75,81.06,,,0,37.4978766,127.1221792,https://kbland.kr/c/303521
1955,신한에스빌,송파구,가락동,43,199709,110.73,234.55,113300,177000,5,37.4942052,127.1260527,https://kbland.kr/c/1955
19071,쌍용노블레스,송파구,가락동,18,200307,82.04,88.62,59500,64800,3,37.5004106,127.1232321,https://kbland.kr/c/19071
19599,씨티빌,송파구,가락동,12,200310,129.54,152.84,102000,113100,0,37.5018564,127.1262236,https://kbland.kr/c/19599
12487,아키죤,송파구,가락동,24,200211,86.83,86.83,87200,87200,1,37.4904084,127.1207482,https://kbland.kr/c/12487
553479,에스아이팰리스송파포레(도시형),송파구,가락동,63,202307,38.01,47.68,,,0,37.4971183,127.1330469,https://kbland.kr/c/553479
38845,엘림빌(도).,송파구,가락동,18,201201,16.30,38.89,,,0,37.5027369,127.1249736,https://kbland.kr/c/38845
1948,예일,송파구,가락동,18,199203,267.00,267.00,167900,167900,1,37.4981685,127.1173888,https://kbland.kr/c/1948
295916,옥천재(도).,송파구,가락동,17,201310,16.80,51.65,,,0,37.493685,127.1253849,https://kbland.kr/c/295916
21665,우민,송파구,가락동,12,200504,87.18,87.18,,,0,37.4941357,127.1374414,https://kbland.kr/c/21665
46703,원파크(도),송파구,가락동,20,201701,27.18,36.31,,,0,37.4950683,127.125231,https://kbland.kr/c/46703
46129,윤앤빌프리미엄Ⅰ,송파구,가락동,11,201905,56.17,91.82,,,0,37.4989314,127.1196076,https://kbland.kr/c/46129
20139,이연파레스,송파구,가락동,18,199907,111.95,120.65,102000,111200,0,37.4948431,127.1185249,https://kbland.kr/c/20139
18892,정산파크뷰,송파구,가락동,11,200411,64.17,103.97,56000,82300,0,37.5027532,127.1235544,https://kbland.kr/c/18892
303216,정원빌리지(도),송파구,가락동,18,201812,30.66,57.43,,,0,37.492367,127.131614,https://kbland.kr/c/303216
22925,주성드림빌,송파구,가락동,12,200310,93.34,94.64,76300,81800,0,37.4940445,127.1372841,https://kbland.kr/c/22925
25954,주성파크빌,송파구,가락동,15,200206,56.91,102.05,51300,92300,4,37.4972543,127.1350984,https://kbland.kr/c/25954
24110,청솔,송파구,가락동,11,200501,82.38,100.20,88800,88800,0,37.4963708,127.1264685,https://kbland.kr/c/24110
21751,카나피아,송파구,가락동,14,200401,69.79,99.73,75100,81900,0,37.4991595,127.1246265,https://kbland.kr/c/21751
1965,카나피아,송파구,가락동,10,200202,101.16,108.20,68600,68600,2,37.4991457,127.1216923,https://kbland.kr/c/1965
313527,테라156,송파구,가락동,12,202103,24.64,29.90,,,0,37.5000829,127.1269168,https://kbland.kr/c/313527
430732,테라펠리체송파(주상복합),송파구,가락동,64,202108,41.65,62.14,,,89,37.4977357,127.1338335,https://kbland.kr/c/430732
12486,프라임,송파구,가락동,19,200203,77.14,150.40,79000,128900,0,37.4924714,127.1267627,https://kbland.kr/c/12486
20425,프라임2차.,송파구,가락동,8,200902,82.46,82.46,,,0,37.4932321,127.1346246,https://kbland.kr/c/20425
1958,프라임레지던스,송파구,가락동,19,199411,234.71,261.16,130800,141500,0,37.49331000,127.13183000,https://kbland.kr/c/1958
1949,프라자,송파구,가락동,672,198507,101.90,180.72,,,1,37.491999,127.1335598,https://kbland.kr/c/1949
32148,헬리오시티,송파구,가락동,9510,201812,61.37,194.20,195000,430000,1668,37.4976241,127.1072675,https://kbland.kr/c/32148
1950,현대5차,송파구,가락동,66,198911,68.56,111.90,,,7,37.500059,127.1302697,https://kbland.kr/c/1950
438469,현대5차(161-2),송파구,가락동,66,198911,68.56,111.90,85000,115000,0,37.5000079,127.1302683,https://kbland.kr/c/438469
40111,e편한세상송파파크센트럴,송파구,거여동,1199,202006,81.42,198.29,172500,204000,350,37.4931647,127.1503353,https://kbland.kr/c/40111
1891,거여1단지(도시개발),송파구,거여동,1004,199712,54.87,84.17,93500,130000,41,37.4913136,127.1446320,https://kbland.kr/c/1891
1888,거여2단지동아(효성),송파구,거여동,478,199712,122.89,158.37,160000,180000,13,37.4903616,127.1463051,https://kbland.kr/c/1888
1892,거여4단지(도시개발),송파구,거여동,546,199708,56.58,86.80,94500,135000,43,37.4894069,127.1438734,https://kbland.kr/c/1892
1887,거여5단지(도시개발),송파구,거여동,605,199708,80.73,114.29,131000,145000,50,37.4889739,127.1450431,https://kbland.kr/c/1887
21814,대영무지개.,송파구,거여동,14,199111,60.58,72.54,37200,42200,0,37.4979821,127.1422375,https://kbland.kr/c/21814
44675,더휴가(도),송파구,거여동,39,201805,40.37,59.21,,,0,37.4987361,127.1435839,https://kbland.kr/c/44675
20130,로얄,송파구,거여동,19,200104,69.85,91.70,76400,96000,0,37.4909077,127.1495670,https://kbland.kr/c/20130
1889,보화2차.,송파구,거여동,48,198808,51.79,52.25,,,1,37.4903436,127.1488044,https://kbland.kr/c/1889
19546,블레스,송파구,거여동,27,200508,51.01,128.28,53300,83900,0,37.4937308,127.1474429,https://kbland.kr/c/19546
1884,삼호,송파구,거여동,142,199906,84.10,119.50,82500,102500,3,37.49652000,127.14339000,https://kbland.kr/c/1884
1893,성동레인보우,송파구,거여동,42,200012,77.17,136.73,85300,85300,0,37.49825000,127.14502000,https://kbland.kr/c/1893
47948,송파레이크파크호반써밋1차,송파구,거여동,689,202202,135.88,138.49,205000,205000,48,37.4845775,127.1391541,https://kbland.kr/c/47948
47949,송파레이크파크호반써밋2차,송파구,거여동,700,202202,136.03,174.03,232500,232500,110,37.4848361,127.1426067,https://kbland.kr/c/47949
323275,송파레이크힐,송파구,거여동,394,202108,84.21,109.80,,,97,37.4862466,127.1446019,https://kbland.kr/c/323275
46734,송파시그니처롯데캐슬,송파구,거여동,1945,202201,84.98,136.42,181000,210000,526,37.4958266,127.1478228,https://kbland.kr/c/46734
50164,송파위례리슈빌,송파구,거여동,494,202110,132.09,160.92,225000,230000,86,37.4838417,127.1468823,https://kbland.kr/c/50164
14032,쌍용스윗닷홈거여역1차,송파구,거여동,95,200604,104.20,128.20,110000,135000,8,37.4924312,127.1459084,https://kbland.kr/c/14032
12437,어울림(금호),송파구,거여동,140,200311,108.32,151.28,102500,123000,3,37.4921140,127.1431754,https://kbland.kr/c/12437
46135,엘리트하우스(도),송파구,거여동,14,201905,36.77,64.20,,,0,37.4917307,127.1456276,https://kbland.kr/c/46135
1885,우방(1차),송파구,거여동,257,199905,85.44,142.53,100000,131000,9,37.4925853,127.1423105,https://kbland.kr/c/1885
435424,인투파크거여1단지,송파구,거여동,16,202006,29.71,36.66,,,0,37.4958769,127.1449811,https://kbland.kr/c/435424
18426,청솔,송파구,거여동,12,200301,66.34,86.21,,,0,37.4926402,127.1499092,https://kbland.kr/c/18426
24785,팰리스힐,송파구,거여동,19,200908,85.44,109.56,73000,99900,1,37.4982792,127.1434442,https://kbland.kr/c/24785
323274,포레나송파,송파구,거여동,1282,202108,86.26,109.75,,,515,37.4858229,127.1490246,https://kbland.kr/c/323274
1886,현대(1차),송파구,거여동,497,199112,86.05,103.74,103000,140000,22,37.4931590,127.1406642,https://kbland.kr/c/1886
1883,현대(2차),송파구,거여동,280,199202,100.76,100.76,125000,125000,4,37.4944470,127.1468014,https://kbland.kr/c/1883
1890,현대3차,송파구,거여동,303,199307,101.86,104.21,124500,124500,13,37.4972157,127.1446551,https://kbland.kr/c/1890
2136651,힐트리움송파,송파구,거여동,44,202603,47.33,52.78,,,0,37.4967519,127.1431209,https://kbland.kr/c/2136651
1904,금호어울림1차(금호베스트빌),송파구,마천동,215,200203,110.06,147.17,109000,120000,5,37.4982079,127.1548109,https://kbland.kr/c/1904
18225,기영.,송파구,마천동,19,199808,66.21,93.90,72000,104100,0,37.4973716,127.1525246,https://kbland.kr/c/18225
33889,뉴타운,송파구,마천동,8,200401,74.64,82.61,,,0,37.4985808,127.1540377,https://kbland.kr/c/33889
21669,다우림,송파구,마천동,19,200501,97.46,97.46,85400,85400,1,37.4995459,127.1430708,https://kbland.kr/c/21669
1897,대성,송파구,마천동,71,199506,78.92,80.18,,,3,37.4986364,127.1529966,https://kbland.kr/c/1897
39126,대성골드클래스,송파구,마천동,24,201710,38.42,57.37,56000,69200,0,37.5016966,127.1487564,https://kbland.kr/c/39126
49250,대성스카이뷰,송파구,마천동,21,202004,52.38,56.23,63300,64000,0,37.5018696,127.1481764,https://kbland.kr/c/49250
1905,동구햇살,송파구,마천동,16,200207,75.89,93.70,83800,89600,1,37.4968046,127.1538767,https://kbland.kr/c/1905
1896,마천금호(금호타운),송파구,마천동,199,199805,78.94,111.86,116500,126500,1,37.4946911,127.1531768,https://kbland.kr/c/1896
14114,마천동금호어울림(2차),송파구,마천동,173,200604,81.32,142.79,91500,126000,7,37.4931484,127.1554333,https://kbland.kr/c/14114
1898,마천동삼익,송파구,마천동,96,199611,78.72,120.81,98500,142000,5,37.49903000,127.15353000,https://kbland.kr/c/1898
1895,마천동우방,송파구,마천동,247,200205,74.19,141.79,71500,107000,3,37.5003334,127.1521518,https://kbland.kr/c/1895
21821,메리트,송파구,마천동,84,198806,65.28,92.80,,,0,37.4996414,127.154297,https://kbland.kr/c/21821
21839,보보스빌.,송파구,마천동,6,200409,71.85,78.49,,,2,37.4978893,127.1540246,https://kbland.kr/c/21839
14118,산성,송파구,마천동,19,200308,91.74,94.47,134100,134100,0,37.49295000,127.15828000,https://kbland.kr/c/14118
1903,성영,송파구,마천동,36,200003,102.29,106.45,68900,68900,0,37.4997251,127.1451561,https://kbland.kr/c/1903
42421,송파건원여미지,송파구,마천동,107,201810,71.61,71.66,79000,79000,3,37.5000527,127.1455505,https://kbland.kr/c/42421
21845,송파자연채,송파구,마천동,19,200808,80.68,122.06,69200,101300,0,37.4995169,127.1435602,https://kbland.kr/c/21845
24343,송파파크데일1단지,송파구,마천동,812,201102,78.62,148.35,96500,145000,17,37.4989150,127.1591910,https://kbland.kr/c/24343
24336,송파파크데일2단지,송파구,마천동,889,201102,79.35,150.33,95000,145000,11,37.4957865,127.1589433,https://kbland.kr/c/24336
1507713,송파파크데일4단지(도시형),송파구,마천동,16,201911,,,,,0,37.4953582,127.1577578,https://kbland.kr/c/1507713
1902,신동아,송파구,마천동,134,200106,84.23,109.06,72500,94000,3,37.5003235,127.1445405,https://kbland.kr/c/1902
1895596,신여명(도시형),송파구,마천동,16,201303,30.67,57.85,,,0,37.5010759,127.1430708,https://kbland.kr/c/1895596
35870,씨티빌,송파구,마천동,12,200309,93.85,93.85,72000,72000,0,37.5010793,127.1457345,https://kbland.kr/c/35870
1899,아남,송파구,마천동,122,199212,90.97,106.10,80500,92000,8,37.5005420,127.1460874,https://kbland.kr/c/1899
21840,천마그랑밸리,송파구,마천동,17,200407,67.98,141.76,71800,115900,6,37.5020200,127.1536369,https://kbland.kr/c/21840
1900,한보,송파구,마천동,84,199606,49.11,137.17,72750,137500,3,37.4973221,127.1519144,https://kbland.kr/c/1900
391357,한주리버뷰,송파구,마천동,19,201507,79.20,88.42,,,1,37.4995734,127.1448822,https://kbland.kr/c/391357
1901,현대그린빌,송파구,마천동,70,199806,69.00,104.15,53500,73500,3,37.4950623,127.1509109,https://kbland.kr/c/1901
1986,건영,송파구,문정동,545,199301,94.03,104.42,155000,177500,32,37.4819995,127.1253242,https://kbland.kr/c/1986
15687,그랜빌캐슬,송파구,문정동,18,200310,100.82,115.65,81200,85900,0,37.4829433,127.1250192,https://kbland.kr/c/15687
501193,다원펠리스(도),송파구,문정동,29,201611,39.32,101.25,,,0,37.4888379,127.1254148,https://kbland.kr/c/501193
21911,대림미소나눔,송파구,문정동,10,200409,86.12,88.30,,,0,37.4839588,127.1285099,https://kbland.kr/c/21911
23729,동부주택브리앙뜨(63-8),송파구,문정동,14,200309,58.01,128.85,58400,119800,0,37.4854198,127.1260419,https://kbland.kr/c/23729
1998,동부주택브리앙뜨(74),송파구,문정동,24,200303,94.20,97.55,98500,104200,3,37.48029000,127.12597000,https://kbland.kr/c/1998
20212,동부화이트빌,송파구,문정동,16,200103,58.68,91.64,44000,65600,0,37.4841637,127.1243379,https://kbland.kr/c/20212
26060,동부화이트빌1(2동),송파구,문정동,16,200201,27.83,89.77,23000,60500,0,37.4837208,127.1253607,https://kbland.kr/c/26060
39862,동성(도),송파구,문정동,20,201104,20.49,23.22,,,0,37.4840273,127.1296889,https://kbland.kr/c/39862
39830,드림팰리스,송파구,문정동,20,201606,65.84,65.85,,,0,37.4877084,127.1314496,https://kbland.kr/c/39830
20378,메트로-사,송파구,문정동,14,200303,55.79,94.54,49300,67700,0,37.4836053,127.1267980,https://kbland.kr/c/20378
343631,모던펠리스(도),송파구,문정동,20,201708,36.68,65.07,,,0,37.4875098,127.1256359,https://kbland.kr/c/343631
12723,문정1차동궁리치웰,송파구,문정동,12,200403,83.81,83.81,83300,83300,5,37.48307000,127.12452000,https://kbland.kr/c/12723
1992,문정3차푸르지오,송파구,문정동,150,200208,106.36,106.36,142500,142500,7,37.4870507,127.1333842,https://kbland.kr/c/1992
27347,문정그린.,송파구,문정동,12,200112,81.51,85.09,71600,71800,0,37.4863748,127.1333694,https://kbland.kr/c/27347
12726,문정동궁리치웰(55-3),송파구,문정동,36,200406,88.72,91.96,,,0,37.4866920,127.1226235,https://kbland.kr/c/12726
1989,문정동아,송파구,문정동,78,199611,70.31,110.29,64500,95500,1,37.4877004,127.1286049,https://kbland.kr/c/1989
12853,문정래미안,송파구,문정동,1696,200409,111.46,199.48,190000,242500,156,37.4905853,127.1306635,https://kbland.kr/c/12853
1987,문정시영,송파구,문정동,1316,198903,37.45,74.69,73500,130000,75,37.4917584,127.1364057,https://kbland.kr/c/1987
1099062,문정역마에스트로(주상복합),송파구,문정동,438,202401,25.04,53.30,,,0,37.4863574,127.1231609,https://kbland.kr/c/1099062
1993,문정연합주택조합,송파구,문정동,120,199309,67.50,100.68,97000,125000,16,37.4856984,127.1259482,https://kbland.kr/c/1993
1990,문정푸르지오1차,송파구,문정동,233,199910,78.38,111.14,145000,172500,18,37.4869313,127.1281728,https://kbland.kr/c/1990
1994,문정푸르지오2차,송파구,문정동,165,200104,79.72,114.12,144000,165000,9,37.4867171,127.1272254,https://kbland.kr/c/1994
27730,미소로,송파구,문정동,16,200401,66.50,115.98,45300,71400,2,37.4836610,127.1270235,https://kbland.kr/c/27730
2308474,베루스송파(도시형),송파구,문정동,29,201704,33.78,67.31,,,0,37.4894319,127.1269421,https://kbland.kr/c/2308474
30555,보광(도),송파구,문정동,8,201503,15.86,66.40,,,0,37.4867582,127.1315897,https://kbland.kr/c/30555
19850,보라뷰,송파구,문정동,12,200309,96.63,97.53,81100,81100,0,37.48594900,127.12811600,https://kbland.kr/c/19850
21332,보라뷰2차,송파구,문정동,12,200405,83.87,83.87,74400,74400,0,37.48432000,127.12636000,https://kbland.kr/c/21332
18462,삼형,송파구,문정동,12,200205,111.57,115.48,75100,81500,0,37.48373000,127.12933000,https://kbland.kr/c/18462
19895,선경쉐르빌(106-15),송파구,문정동,12,200209,97.81,97.81,66000,66000,2,37.4863274,127.1293671,https://kbland.kr/c/19895
23385,선경쉐르빌(106-23),송파구,문정동,9,200209,46.66,108.40,,,0,37.4863734,127.1294166,https://kbland.kr/c/23385
20994,성해,송파구,문정동,19,200311,86.55,123.98,83200,108000,0,37.49087000,127.12666000,https://kbland.kr/c/20994
12532,세양청마루,송파구,문정동,157,200404,77.44,77.44,112000,112000,7,37.4925202,127.1370754,https://kbland.kr/c/12532
28681,송파파크하비오푸르지오,송파구,문정동,999,201609,115.48,204.38,195000,210000,93,37.4805063,127.1232386,https://kbland.kr/c/28681
20935,아름빌,송파구,문정동,19,200507,89.72,139.69,66100,97000,1,37.4823741,127.1280986,https://kbland.kr/c/20935
33952,아이디움,송파구,문정동,16,201601,34.41,45.77,,,0,37.4825580,127.1253064,https://kbland.kr/c/33952
293586,엠카운티(도),송파구,문정동,28,201806,41.16,62.97,,,0,37.4883848,127.1273826,https://kbland.kr/c/293586
617412,예원빌(도),송파구,문정동,26,202206,31.89,64.78,,,0,37.4896186,127.1267509,https://kbland.kr/c/617412
1985,올림픽훼밀리타운,송파구,문정동,4494,198812,103.12,219.66,257500,367500,630,37.4885998,127.1150488,https://kbland.kr/c/1985
21488,우민늘푸른,송파구,문정동,19,200707,109.28,139.03,95700,123900,6,37.48331000,127.12523000,https://kbland.kr/c/21488
15589,우암예그리나,송파구,문정동,24,200507,56.01,94.77,43800,83400,0,37.4833634,127.1257719,https://kbland.kr/c/15589
27160,은성파크,송파구,문정동,12,199912,78.81,87.86,80000,89900,0,37.4872173,127.1254217,https://kbland.kr/c/27160
1997,인택스빌,송파구,문정동,48,200211,83.43,109.30,95400,102500,0,37.4868108,127.1326068,https://kbland.kr/c/1997
15688,자이파인빌,송파구,문정동,38,200612,80.45,138.84,76600,137600,1,37.4835024,127.1250693,https://kbland.kr/c/15688
295698,제이제이파크(도),송파구,문정동,35,201801,27.99,63.49,,,0,37.484313,127.1258147,https://kbland.kr/c/295698
21672,주성,송파구,문정동,12,200201,87.47,95.75,82100,83900,0,37.4856935,127.1240316,https://kbland.kr/c/21672
22122,주성파크뷰,송파구,문정동,19,2003.04,89.40,100.93,63000,63000,0,37.4848525,127.1236514,https://kbland.kr/c/22122
1996,크로바.,송파구,문정동,14,199204,134.01,184.50,110300,134900,1,37.48673000,127.13207000,https://kbland.kr/c/1996
21732,트윈팰리스,송파구,문정동,37,200612,103.39,250.13,93800,94700,14,37.48559000,127.13199000,https://kbland.kr/c/21732
12943,프라임,송파구,문정동,12,200405,77.07,94.80,63800,71200,2,37.4908235,127.1269063,https://kbland.kr/c/12943
1995,현대,송파구,문정동,120,199109,88.77,101.42,100000,107500,46,37.48571000,127.13008000,https://kbland.kr/c/1995
1988,현대(1차),송파구,문정동,514,198411,102.73,144.34,197500,215000,113,37.4912823,127.1280204,https://kbland.kr/c/1988
1991,현대2차,송파구,문정동,108,199510,64.90,112.17,95000,110000,0,37.4842011,127.1245184,https://kbland.kr/c/1991
1082473,힐스테이트e편한세상문정,송파구,문정동,1265,202409,68.78,116.92,,,129,37.4890916,127.1344667,https://kbland.kr/c/1082473
2095227,GB블루씨엘(도시형),송파구,방이동,15,202303,38.22,77.43,,,0,37.5128477,127.1153365,https://kbland.kr/c/2095227
924112,"강남캐슬(민간임대,도시형)",송파구,방이동,20,202301,29.77,36.39,,,0,37.5131838,127.1180376,https://kbland.kr/c/924112
1939,광남벨라스,송파구,방이동,19,200304,88.75,125.03,86000,117300,3,37.5138748,127.1163102,https://kbland.kr/c/1939
26351,광명.,송파구,방이동,12,200703,65.76,81.94,68100,79000,0,37.5097969,127.1156231,https://kbland.kr/c/26351
48995,그린빌(도),송파구,방이동,15,201705,22.75,43.01,,,0,37.5101461,127.1142545,https://kbland.kr/c/48995
26406,그린파크빌,송파구,방이동,19,200208,76.83,126.19,,,0,37.5140086,127.1113202,https://kbland.kr/c/26406
27495,뉴파크플러스,송파구,방이동,19,200603,76.93,92.07,65300,70800,4,37.5125523,127.1129663,https://kbland.kr/c/27495
1920,대림,송파구,방이동,480,198503,101.94,175.53,238500,265000,82,37.50755,127.1241797,https://kbland.kr/c/1920
19396,도무스빌,송파구,방이동,13,200411,159.58,159.58,210800,210800,0,37.5155919,127.1169913,https://kbland.kr/c/19396
1071042,디벨라지오,송파구,방이동,24,202309,104.61,104.94,,,10,37.5101171,127.1212538,https://kbland.kr/c/1071042
34566,몽촌,송파구,방이동,15,200703,40.59,65.08,44100,48000,0,37.5129969,127.1121806,https://kbland.kr/c/34566
1926,방이그린파크,송파구,방이동,13,199312,185.34,185.34,170300,170300,0,37.5150522,127.1183212,https://kbland.kr/c/1926
1925,방이금호어울림,송파구,방이동,144,200105,75.28,106.34,110000,140000,17,37.51248300,127.11811400,https://kbland.kr/c/1925
20375,방이드림펠리스,송파구,방이동,11,200307,77.98,131.54,78900,102500,6,37.5135946,127.1161891,https://kbland.kr/c/20375
45111,보람파크빌리지(도시형),송파구,방이동,112,201612,59.18,102.41,,,0,37.5105934,127.1218143,https://kbland.kr/c/45111
21031,보미리즌빌,송파구,방이동,38,200506,71.54,112.21,89900,116700,0,37.5105577,127.1194752,https://kbland.kr/c/21031
20863,부광,송파구,방이동,19,200404,75.95,93.10,82700,85000,0,37.5127789,127.1131446,https://kbland.kr/c/20863
21764,서경,송파구,방이동,19,200311,48.69,103.15,40700,67500,2,37.5089262,127.1167706,https://kbland.kr/c/21764
21666,서림올림피아드,송파구,방이동,14,200406,28.72,85.43,20000,20000,0,37.5095566,127.1184311,https://kbland.kr/c/21666
35831,서울탑빌라트,송파구,방이동,15,199002,55.75,113.92,48700,48700,0,37.5088197,127.1176174,https://kbland.kr/c/35831
29069,세원,송파구,방이동,12,200306,67.79,84.10,46400,54500,0,37.5134737,127.1193012,https://kbland.kr/c/29069
507270,슬로우밀리113(도),송파구,방이동,20,202203,26.78,43.79,,,0,37.5108253,127.1144691,https://kbland.kr/c/507270
12624,신구블레스벨리,송파구,방이동,104,200406,142.27,177.06,188500,198500,11,37.5114867,127.1222995,https://kbland.kr/c/12624
19936,신암밀리안,송파구,방이동,19,200611,91.81,112.79,113600,120300,0,37.5136371,127.1194690,https://kbland.kr/c/19936
21531,아쿠아드카사스,송파구,방이동,10,200410,60.55,68.52,55400,65100,0,37.5073544,127.1215674,https://kbland.kr/c/21531
20169,아크로빌,송파구,방이동,19,199811,216.70,278.80,157600,222600,1,37.5119841,127.1116949,https://kbland.kr/c/20169
1934,옥산크리스탈,송파구,방이동,77,200107,84.02,99.51,75000,90000,0,37.5122792,127.1234553,https://kbland.kr/c/1934
21663,올림픽공원한승오디브,송파구,방이동,19,200608,244.86,307.99,242900,253500,1,37.51424000,127.12047000,https://kbland.kr/c/21663
1923,올림픽베어스타운,송파구,방이동,140,199604,75.02,106.47,127500,150000,1,37.5148841,127.1187304,https://kbland.kr/c/1923
1940,올림픽선수기자촌,송파구,방이동,5540,198901,82.65,211.57,245000,420000,528,37.5150496,127.1362303,https://kbland.kr/c/1940
1938,올림픽아트빌,송파구,방이동,18,200211,115.00,153.90,131900,166400,0,37.51075300,127.12666300,https://kbland.kr/c/1938
1935,올림픽타워,송파구,방이동,12,199808,187.36,244.22,209700,254500,1,37.5129935,127.1239647,https://kbland.kr/c/1935
735912,올림픽포레다움,송파구,방이동,66,202301,34.18,43.05,53000,53000,2,37.5129866,127.1160568,https://kbland.kr/c/735912
1937,올림픽하이빌,송파구,방이동,22,200105,169.52,187.93,150300,150300,0,37.5098388,127.1260967,https://kbland.kr/c/1937
18483,우광,송파구,방이동,15,200007,54.25,83.25,64400,86500,0,37.5150805,127.1160811,https://kbland.kr/c/18483
15834,원진아뜨리에,송파구,방이동,19,200410,133.49,145.33,134100,144500,0,37.5144221,127.1184078,https://kbland.kr/c/15834
18480,윈저하우스,송파구,방이동,18,200212,68.19,108.58,60800,97400,0,37.5099905,127.1222491,https://kbland.kr/c/18480
18481,은성,송파구,방이동,19,200103,82.69,90.81,61100,65800,0,37.5125659,127.1147873,https://kbland.kr/c/18481
20111,인택스빌3차,송파구,방이동,12,200202,69.00,95.13,57400,66300,3,37.5108192,127.1258477,https://kbland.kr/c/20111
1936,인텍스빌,송파구,방이동,14,200010,22.77,133.14,44200,113000,0,37.5098386,127.1204949,https://kbland.kr/c/1936
21530,인텍스빌2차,송파구,방이동,18,200107,68.51,85.70,72900,92100,0,37.5075829,127.1210869,https://kbland.kr/c/21530
1081185,잠실라펜앤,송파구,방이동,42,202409,37.80,61.01,,,1,37.5127155,127.1168236,https://kbland.kr/c/1081185
31794,정우아트빌,송파구,방이동,26,200509,53.12,85.60,48900,66300,0,37.5101664,127.1192383,https://kbland.kr/c/31794
18790,주함위너스,송파구,방이동,36,200405,85.21,104.71,87900,102600,1,37.5135469,127.1170380,https://kbland.kr/c/18790
1073464,진흥펠리체(도),송파구,방이동,20,201510,21.66,34.91,,,0,37.5100649,127.1161008,https://kbland.kr/c/1073464
1924,코오롱,송파구,방이동,758,199110,80.81,108.31,212000,212000,96,37.5088435,127.1230996,https://kbland.kr/c/1924
427140,트리니엘,송파구,방이동,42,202107,38.31,59.22,,,5,37.511629,127.1183815,https://kbland.kr/c/427140
15600,한성나이스빌,송파구,방이동,12,200209,86.44,86.44,63500,63500,0,37.5098213,127.1226046,https://kbland.kr/c/15600
1929,한솔빌라트,송파구,방이동,17,199602,162.24,245.45,208800,350200,1,37.5151826,127.1176862,https://kbland.kr/c/1929
1922,한양(3차),송파구,방이동,252,198502,103.33,169.55,232000,270000,5,37.5061418,127.1226631,https://kbland.kr/c/1922
27677,해동,송파구,방이동,25,200705,63.98,71.64,64600,73600,0,37.5106765,127.1197988,https://kbland.kr/c/27677
1931,현대(208-19).,송파구,방이동,19,199303,152.60,201.96,107400,142500,17,37.5100121,127.1239342,https://kbland.kr/c/1931
13461,현대(주상복합),송파구,방이동,86,199801,35.13,295.13,,,4,37.515445,127.1133404,https://kbland.kr/c/13461
1932,현대월드빌리지,송파구,방이동,19,199503,233.47,260.24,195400,195400,1,37.51225000,127.12483000,https://kbland.kr/c/1932
1933,현대파크빌라트,송파구,방이동,19,199704,245.95,330.62,249700,480900,0,37.5113981,127.1248199,https://kbland.kr/c/1933
13142,현대홈타운스위트,송파구,방이동,77,200410,108.46,183.44,170000,172500,5,37.5106772,127.1225012,https://kbland.kr/c/13142
504371,호수(家)하우스(도),송파구,방이동,20,202009,21.81,36.04,,,1,37.5141736,127.1155083,https://kbland.kr/c/504371
20167,흥진맨션,송파구,방이동,12,199609,84.54,104.06,,,0,37.5129204,127.1103942,https://kbland.kr/c/20167
400517,DW동원아이파크,송파구,삼전동,14,200502,31.08,117.42,24200,125400,0,37.5017493,127.0864523,https://kbland.kr/c/400517
21064,경덕,송파구,삼전동,19,200401,39.36,98.63,67200,88100,2,37.5022784,127.0937253,https://kbland.kr/c/21064
39475,굿피플.,송파구,삼전동,12,201711,33.17,33.38,,,0,37.5051668,127.0893515,https://kbland.kr/c/39475
29809,동승.,송파구,삼전동,17,199305,56.56,136.10,37400,86800,0,37.5010074,127.0948377,https://kbland.kr/c/29809
18116,동신,송파구,삼전동,19,200311,66.70,87.40,73500,80700,0,37.50051200,127.09364500,https://kbland.kr/c/18116
2308848,동화포레스트블루(도시형),송파구,삼전동,8,202402,32.19,66.94,,,0,37.5008231,127.08918,https://kbland.kr/c/2308848
40525,메트로샤인,송파구,삼전동,20,201801,20.95,28.28,,,2,37.5057213,127.0897787,https://kbland.kr/c/40525
41053,삼성,송파구,삼전동,12,200605,87.71,87.71,88000,88000,0,37.4999534,127.0901012,https://kbland.kr/c/41053
651224,슬로우밀리355(도),송파구,삼전동,13,202208,29.13,39.69,,,0,37.5017724,127.0878653,https://kbland.kr/c/651224
545734,슬로우밀리611(도),송파구,삼전동,14,202203,27.38,41.85,,,0,37.5026215,127.0917535,https://kbland.kr/c/545734
41639,에이메스더리버송파,송파구,삼전동,24,201806,63.01,115.81,75600,161000,1,37.5008123,127.0873102,https://kbland.kr/c/41639
2306645,집앤사탄하우스11(도시형),송파구,삼전동,16,202606,36.10,37.10,,,0,37.50079377321411,127.09128541033866,https://kbland.kr/c/2306645
50419,집앤사하우립,송파구,삼전동,14,202007,21.19,21.77,,,1,37.5008161,127.0966047,https://kbland.kr/c/50419
723011,트리엘플레이스잠실,송파구,삼전동,2,202209,37.27,37.88,,,0,37.5033057,127.0907675,https://kbland.kr/c/723011
25369,하늘공원,송파구,삼전동,19,200610,58.22,95.13,57500,77600,3,37.4987282,127.0925468,https://kbland.kr/c/25369
924111,"하우트빌(도시형,민간임대)",송파구,삼전동,10,202201,55.80,61.82,,,0,37.5028137,127.0883226,https://kbland.kr/c/924111
34263,하이파크,송파구,삼전동,28,201609,46.23,61.79,74100,74100,0,37.5005363,127.0874808,https://kbland.kr/c/34263
18256,한양,송파구,삼전동,14,200401,46.95,97.18,45700,91400,0,37.5009346,127.0865486,https://kbland.kr/c/18256
1983,현대,송파구,삼전동,120,198911,98.65,100.81,145000,145000,9,37.5002738,127.0884906,https://kbland.kr/c/1983
18486,KLC,송파구,석촌동,10,200202,73.90,73.90,69200,69200,0,37.5003450,127.1036898,https://kbland.kr/c/18486
49348,다성리치빌,송파구,석촌동,19,200105,79.06,130.15,95100,114700,0,37.5040037,127.1032774,https://kbland.kr/c/49348
1110651,루컴스힐더테라스(도),송파구,석촌동,25,202410,44.81,71.79,90100,90100,6,37.5045885,127.1045011,https://kbland.kr/c/1110651
23846,밀란체,송파구,석촌동,13,200701,78.30,81.47,77700,84700,0,37.4990851,127.0991585,https://kbland.kr/c/23846
20735,배명씨앤디,송파구,석촌동,18,200405,85.37,88.32,77800,80000,0,37.4977177,127.0982589,https://kbland.kr/c/20735
18487,서원,송파구,석촌동,24,200311,94.96,94.96,90700,90700,0,37.4981232,127.0994415,https://kbland.kr/c/18487
18488,석촌,송파구,석촌동,16,200211,103.98,160.18,,,0,37.5001518,127.098316,https://kbland.kr/c/18488
25459,석촌베스트휴,송파구,석촌동,10,200610,67.20,86.02,,,0,37.4992497,127.0994732,https://kbland.kr/c/25459
44876,석촌신부파스카빌,송파구,석촌동,19,200308,53.91,120.14,44000,79000,0,37.5033848,127.1006085,https://kbland.kr/c/44876
21234,석촌예명,송파구,석촌동,32,200206,74.81,117.61,98600,102700,0,37.4993618,127.1035432,https://kbland.kr/c/21234
25526,석촌효신,송파구,석촌동,18,201107,62.74,85.97,71500,84800,1,37.5043467,127.1002602,https://kbland.kr/c/25526
1028528,슬로우밀리237(도),송파구,석촌동,13,202304,33.86,101.83,,,0,37.5007733,127.1004398,https://kbland.kr/c/1028528
617410,에비앙하우스1(도),송파구,석촌동,18,201809,35.72,37.30,,,0,37.5013334,127.0982388,https://kbland.kr/c/617410
20118,월드,송파구,석촌동,17,200202,55.81,93.88,41100,63300,5,37.5011205,127.1097200,https://kbland.kr/c/20118
25622,은성,송파구,석촌동,11,200411,59.58,94.44,57400,87900,0,37.4992134,127.0994397,https://kbland.kr/c/25622
1984,잠실한솔,송파구,석촌동,393,200010,77.33,109.73,175000,195000,22,37.50358000,127.10439000,https://kbland.kr/c/1984
293934,청솔레이크,송파구,석촌동,10,200401,95.75,95.88,,,0,37.5059183,127.1025251,https://kbland.kr/c/293934
29810,현대.,송파구,석촌동,18,200410,53.41,104.55,40800,71700,0,37.4991089,127.0999159,https://kbland.kr/c/29810
1970,가락삼익맨숀,송파구,송파동,936,198412,102.80,174.65,242500,287500,3,37.5041974,127.1211294,https://kbland.kr/c/1970
18490,각산,송파구,송파동,12,200004,105.62,105.62,78600,78600,0,37.5021021,127.1168562,https://kbland.kr/c/18490
1100884,갑오빌라트,송파구,송파동,9,200312,50.95,95.46,,,0,37.5068682,127.1064085,https://kbland.kr/c/1100884
24263,경일,송파구,송파동,16,200404,69.47,130.24,66400,120700,0,37.5082026,127.1144882,https://kbland.kr/c/24263
1976,노보빌,송파구,송파동,19,200012,198.40,265.08,186000,186000,4,37.5008097,127.1151297,https://kbland.kr/c/1976
500516,더테라(도),송파구,송파동,45,202002,37.59,58.92,,,0,37.5068043,127.1170204,https://kbland.kr/c/500516
50027,더헤리움(도),송파구,송파동,29,201904,35.23,68.65,,,1,37.5063596,127.1165003,https://kbland.kr/c/50027
49551,"동광팰리스(136-16,도시형)",송파구,송파동,58,201707,25.41,35.38,,,0,37.5091154,127.1131034,https://kbland.kr/c/49551
45732,"동광팰리스(143-1,도시형)",송파구,송파동,29,201605,32.44,53.88,,,0,37.5074057,127.1159922,https://kbland.kr/c/45732
24993,래미안송파파인탑,송파구,송파동,794,201201,75.31,111.64,210000,250000,37,37.5027115,127.1200271,https://kbland.kr/c/24993
1969,미성,송파구,송파동,378,198501,89.16,192.91,145000,247500,132,37.505909,127.1193869,https://kbland.kr/c/1969
296158,밸류SL더힐(도),송파구,송파동,19,202008,26.69,49.19,,,0,37.5030567,127.1140045,https://kbland.kr/c/296158
380901,샛별팰리스(도).,송파구,송파동,10,201211,23.40,49.17,,,0,37.5028731,127.11319,https://kbland.kr/c/380901
1981,송정,송파구,송파동,17,200205,75.23,102.38,69700,96900,0,37.4995698,127.1143979,https://kbland.kr/c/1981
14205,송파,송파구,송파동,30,200302,102.46,145.48,105300,135800,2,37.5004403,127.1127251,https://kbland.kr/c/14205
12292,송파KCC(금강KCC),송파구,송파동,106,200309,74.59,108.11,95000,137500,37,37.5030620,127.1174895,https://kbland.kr/c/12292
1978,송파SK,송파구,송파동,71,200112,102.80,102.85,147500,147500,2,37.5004629,127.1181535,https://kbland.kr/c/1978
1975,송파삼성래미안,송파구,송파동,845,200112,109.83,191.52,208000,252500,131,37.5047440,127.1182954,https://kbland.kr/c/1975
26312,송파석촌역한양LEEPS(도시형),송파구,송파동,64,201212,19.16,38.76,,,0,37.5034060,127.1104958,https://kbland.kr/c/26312
722554,송파센텀레이크,송파구,송파동,70,202403,38.37,91.95,,,13,37.5092902,127.1094086,https://kbland.kr/c/722554
432311,송파역마에스트로,송파구,송파동,50,202110,52.20,76.38,,,4,37.4992005,127.1139401,https://kbland.kr/c/432311
1074881,송파파밀리에더퍼스트,송파구,송파동,102,202312,62.28,103.93,,,64,37.5030693,127.1143925,https://kbland.kr/c/1074881
1082369,송파포트힐한샘인사이드1,송파구,송파동,24,202304,59.09,69.07,73600,88800,2,37.5076474,127.1152933,https://kbland.kr/c/1082369
651221,슬로우밀리402(도),송파구,송파동,14,202207,29.43,54.15,,,0,37.5093247,127.1086642,https://kbland.kr/c/651221
428219,에스아이팰리스레이크잠실,송파구,송파동,27,202107,15.95,25.63,,,0,37.5058025,127.1092837,https://kbland.kr/c/428219
19888,에스탑(118-2),송파구,송파동,18,200409,115.98,127.50,107200,112300,0,37.5070998,127.1128272,https://kbland.kr/c/19888
50414,에스탑(20-10),송파구,송파동,10,200403,91.39,99.36,97600,97600,0,37.5078419,127.109657,https://kbland.kr/c/50414
28658,온누리,송파구,송파동,17,200410,61.01,96.43,56900,98600,0,37.5075051,127.1116009,https://kbland.kr/c/28658
18489,위례캐슬빌,송파구,송파동,12,200305,87.55,96.20,62600,66500,0,37.5037897,127.1135903,https://kbland.kr/c/18489
1092965,잠실더샵루벤,송파구,송파동,327,202503,103.73,133.55,242500,242500,53,37.5002766,127.1172634,https://kbland.kr/c/1092965
2308633,토성하우스(도시형),송파구,송파동,15,201812,31.39,58.04,,,0,37.5033788,127.1154583,https://kbland.kr/c/2308633
1074921,한솔파크빌,송파구,송파동,6,200209,83.98,89.73,,,0,37.5065098,127.1080199,https://kbland.kr/c/1074921
1968,한양(1차),송파구,송파동,576,198312,88.65,171.68,195000,257500,70,37.5059771,127.1145032,https://kbland.kr/c/1968
1972,한양(2차),송파구,송파동,744,198410,87.87,172.06,202500,262500,154,37.5050983,127.1161969,https://kbland.kr/c/1972
28902,한양파크뷰2,송파구,송파동,12,200405,92.96,125.91,85300,113400,0,37.5035709,127.1156513,https://kbland.kr/c/28902
44391,한영해시안,송파구,송파동,27,201901,72.83,78.99,87800,94800,0,37.5031935,127.1190162,https://kbland.kr/c/44391
1973,현대,송파구,송파동,243,199705,86.30,109.41,150000,165000,57,37.5032657,127.1182223,https://kbland.kr/c/1973
49070,"현진빌리지(128-6,도시형).",송파구,송파동,10,201506,42.97,44.64,,,0,37.5073718,127.1140351,https://kbland.kr/c/49070
20249,호수,송파구,송파동,15,200012,63.69,86.85,65400,103900,0,37.5101486,127.1084703,https://kbland.kr/c/20249
1974,호수임광,송파구,송파동,227,199510,68.82,109.82,91000,155000,7,37.5103484,127.1074839,https://kbland.kr/c/1974
14204,홍익봄마을,송파구,송파동,43,200410,100.11,100.32,117700,119100,0,37.5018065,127.1158757,https://kbland.kr/c/14204
1982,힐스빌,송파구,송파동,19,200110,46.69,137.03,40800,84300,0,37.5039689,127.1134524,https://kbland.kr/c/1982
1306363,잠실래미안아이파크,송파구,신천동,2678,202512,68.98,205.33,,,292,37.518402,127.1113449,https://kbland.kr/c/1306363
2103378,잠실르엘,송파구,신천동,1865,202601,67.71,192.04,,,199,37.5175537,127.1070323,https://kbland.kr/c/2103378
2005,장미(1차),송파구,신천동,2100,197901,92.59,212.56,300000,470000,246,37.5190034,127.0986363,https://kbland.kr/c/2005
2014,장미(2차),송파구,신천동,1302,197908,92.43,151.04,290000,362500,85,37.5204038,127.1026807,https://kbland.kr/c/2014
2007,장미(3차),송파구,신천동,120,198409,157.11,157.11,380000,380000,15,37.5185351,127.1034044,https://kbland.kr/c/2007
15616,파크리오,송파구,신천동,6864,200808,52.99,174.08,137500,365000,878,37.5212782,127.1086773,https://kbland.kr/c/15616
2010,한신잠실코아,송파구,신천동,493,198812,42.97,92.56,110000,170000,23,37.5168218,127.1044204,https://kbland.kr/c/2010
2013,현대타워(주상복합),송파구,신천동,55,199612,138.00,245.54,,,1,37.5151398,127.1024270,https://kbland.kr/c/2013
1907,가락상아(1차),송파구,오금동,226,198412,83.26,145.37,125000,175000,13,37.4987444,127.1355562,https://kbland.kr/c/1907
1911,가락우창,송파구,오금동,264,198505,93.47,154.76,164000,190000,20,37.4993759,127.1368948,https://kbland.kr/c/1911
22878,광남캐스빌,송파구,오금동,18,200904,94.54,99.29,67200,71000,0,37.5015498,127.1421628,https://kbland.kr/c/22878
33679,그랑밸리(119-27),송파구,오금동,18,201207,62.25,64.55,59200,62200,8,37.5032772,127.1393268,https://kbland.kr/c/33679
350683,"그랑밸리(131-9,도시형)",송파구,오금동,20,201807,62.17,64.31,,,0,37.5024057,127.1391552,https://kbland.kr/c/350683
33237,그랑밸리(64),송파구,오금동,10,200702,62.66,89.74,76300,76300,0,37.5023938,127.1343492,https://kbland.kr/c/33237
45883,그랑밸리(도),송파구,오금동,10,201703,51.85,65.41,,,0,37.5060849,127.1289252,https://kbland.kr/c/45883
26380,금성리치몬드,송파구,오금동,12,200312,56.26,97.25,49000,56700,0,37.5054845,127.1343588,https://kbland.kr/c/26380
13670,노블레스카운티,송파구,오금동,17,200609,107.80,154.98,120800,144800,0,37.50943000,127.13261000,https://kbland.kr/c/13670
345177,노블하우스,송파구,오금동,10,200411,84.45,132.49,89300,90300,1,37.5098949,127.130549,https://kbland.kr/c/345177
47994,다빈치힐(도시형),송파구,오금동,65,201910,35.70,59.34,,,1,37.5026389,127.1388379,https://kbland.kr/c/47994
42707,다성이즈빌,송파구,오금동,19,200311,82.53,103.58,75400,90400,0,37.5040319,127.1400811,https://kbland.kr/c/42707
20419,다성이즈빌클래식,송파구,오금동,19,200310,185.21,189.32,108700,120600,0,37.5048748,127.1359945,https://kbland.kr/c/20419
1918,다성파크뷰,송파구,오금동,32,200202,75.57,94.22,69300,84400,0,37.5069839,127.1311745,https://kbland.kr/c/1918
1906,대림,송파구,오금동,749,198812,103.63,145.62,228500,248000,88,37.5105825,127.1291872,https://kbland.kr/c/1906
343184,대산리버빌(도),송파구,오금동,10,201704,60.85,69.31,,,0,37.5005179,127.1418133,https://kbland.kr/c/343184
655527,대성탑팰리스(도),송파구,오금동,10,202209,65.52,66.43,,,0,37.5030339,127.1389411,https://kbland.kr/c/655527
20121,대영공원,송파구,오금동,18,199301,62.85,97.99,62400,94100,0,37.5018353,127.1319127,https://kbland.kr/c/20121
379144,더뷰21,송파구,오금동,21,202105,78.06,86.01,93500,100200,0,37.5031358,127.1385566,https://kbland.kr/c/379144
39344,로얄파크(도).,송파구,오금동,15,201303,20.04,80.74,,,0,37.5042333,127.1338992,https://kbland.kr/c/39344
44282,마나하임,송파구,오금동,12,201707,35.13,52.36,,,0,37.5055043,127.1330149,https://kbland.kr/c/44282
19733,매그놀리아,송파구,오금동,31,200307,91.23,186.79,68500,114500,0,37.5063991,127.1325159,https://kbland.kr/c/19733
20438,명성,송파구,오금동,19,200310,85.12,99.93,60500,60500,1,37.5040252,127.1405849,https://kbland.kr/c/20438
29054,뮤즈빌,송파구,오금동,12,200308,20.70,88.98,70900,73700,0,37.5035164,127.1289413,https://kbland.kr/c/29054
45668,미소,송파구,오금동,12,200308,95.04,95.11,74300,74300,1,37.5012789,127.1415636,https://kbland.kr/c/45668
45074,미하우스(도),송파구,오금동,20,201604,39.24,56.26,,,0,37.5049505,127.1357064,https://kbland.kr/c/45074
1909,삼성,송파구,오금동,215,198905,93.09,105.77,124000,133000,14,37.4963208,127.1392935,https://kbland.kr/c/1909
48653,삼정하우스(도),송파구,오금동,10,202001,60.96,63.03,,,0,37.5042304,127.1389317,https://kbland.kr/c/48653
1914,상아(2차),송파구,오금동,750,198811,64.11,104.82,139500,188000,64,37.4979961,127.1367297,https://kbland.kr/c/1914
45317,상지아트빌(도),송파구,오금동,14,201605,29.83,55.07,,,0,37.5061984,127.1334352,https://kbland.kr/c/45317
499214,송파더플래티넘,송파구,오금동,328,202401,70.29,138.76,,,44,37.5029677,127.1360212,https://kbland.kr/c/499214
35403,송파두산위브,송파구,오금동,269,201902,81.31,113.15,133000,153000,55,37.5005409,127.1410819,https://kbland.kr/c/35403
35352,송파레미니스1단지,송파구,오금동,575,201711,88.33,124.13,145000,170000,21,37.5078476,127.1353863,https://kbland.kr/c/35352
37877,송파레미니스2단지,송파구,오금동,818,201806,89.18,124.12,145000,170000,22,37.5063427,127.1380152,https://kbland.kr/c/37877
32529,송파호반베르디움더퍼스트,송파구,오금동,220,201803,130.03,130.03,175000,175000,20,37.506041,127.1401034,https://kbland.kr/c/32529
47307,숨결82(도),송파구,오금동,14,201703,38.16,58.92,,,0,37.5062657,127.1330372,https://kbland.kr/c/47307
21670,아키스,송파구,오금동,12,200311,54.23,77.36,46600,54700,0,37.5054311,127.1332170,https://kbland.kr/c/21670
1077707,에스아이팰리스오금(도),송파구,오금동,15,202202,40.11,50.34,,,0,37.4980313,127.1405696,https://kbland.kr/c/1077707
43008,에일린하우스.(도),송파구,오금동,20,201608,63.86,64.61,,,0,37.5059406,127.1287752,https://kbland.kr/c/43008
38188,엘리시움,송파구,오금동,29,201707,68.84,81.69,81800,109100,1,37.5070894,127.130809,https://kbland.kr/c/38188
1912,영풍,송파구,오금동,44,199805,78.48,132.32,65100,84200,2,37.5015780,127.1410880,https://kbland.kr/c/1912
924113,오감채(도),송파구,오금동,9,202211,47.30,77.49,,,0,37.5022848,127.1395784,https://kbland.kr/c/924113
27206,오금그랑밸리,송파구,오금동,12,200207,41.99,111.61,73800,86200,0,37.5032564,127.1340226,https://kbland.kr/c/27206
1919,오금동반석블레스빌,송파구,오금동,87,200211,83.57,104.43,120500,120500,5,37.5015541,127.1328773,https://kbland.kr/c/1919
36271,오금동쌍용스윗닷홈,송파구,오금동,183,200509,107.17,188.18,145000,190000,11,37.5073338,127.1319311,https://kbland.kr/c/36271
1915,오금동우방,송파구,오금동,196,200012,83.07,144.99,103000,147000,6,37.501426,127.1395209,https://kbland.kr/c/1915
20240,오금아르미안,송파구,오금동,19,200307,32.81,94.69,53900,69800,0,37.5037519,127.1352384,https://kbland.kr/c/20240
545737,오륜파크빌,송파구,오금동,17,200507,72.47,123.59,53400,69800,1,37.5075445,127.1319447,https://kbland.kr/c/545737
20129,우송그린,송파구,오금동,18,199504,111.67,260.21,68400,68700,0,37.5057762,127.1360520,https://kbland.kr/c/20129
347450,우영채움빌,송파구,오금동,16,201704,50.13,57.33,,,0,37.499145,127.1403958,https://kbland.kr/c/347450
507482,제니스빌(도),송파구,오금동,24,201702,53.58,57.96,,,0,37.5000183,127.1373617,https://kbland.kr/c/507482
41892,중앙클래식하우스(도),송파구,오금동,28,201608,35.08,56.67,,,0,37.5061045,127.1309143,https://kbland.kr/c/41892
21846,한두리,송파구,오금동,19,200407,60.08,114.32,40900,68500,0,37.50243000,127.14048000,https://kbland.kr/c/21846
46048,한두리타워(도),송파구,오금동,20,201904,29.54,31.91,,,0,37.5038464,127.1381895,https://kbland.kr/c/46048
734213,한성뉴빌리지(도).,송파구,오금동,8,201807,36.15,53.23,,,0,37.5004226,127.1382965,https://kbland.kr/c/734213
1908,"현대(2,3,4차)",송파구,오금동,1316,198412,102.27,193.73,252500,310000,103,37.506558,127.1268417,https://kbland.kr/c/1908
1913,현대백조,송파구,오금동,438,199701,44.51,140.43,66000,168000,21,37.5090870,127.1292159,https://kbland.kr/c/1913
45314,현대씨티빌,송파구,오금동,6,200206,67.26,86.68,,,0,37.5014433,127.1419616,https://kbland.kr/c/45314
45833,현대하이츠(도),송파구,오금동,9,201702,37.43,63.28,,,0,37.5038894,127.1282743,https://kbland.kr/c/45833
1916,혜성공원,송파구,오금동,19,199211,69.22,135.90,67600,130100,0,37.501969,127.1320126,https://kbland.kr/c/1916
323737,다올77(도),송파구,잠실동,9,202009,23.42,89.18,,,0,37.5052283,127.0877118,https://kbland.kr/c/323737
14618,레이크팰리스,송파구,잠실동,2678,200612,86.43,167.90,267500,410000,292,37.5095054,127.0949726,https://kbland.kr/c/14618
15524,리센츠,송파구,잠실동,5563,200807,42.28,158.87,145000,430000,1036,37.5132508,127.0867499,https://kbland.kr/c/15524
38823,리움캐슬,송파구,잠실동,10,201603,25.40,40.25,,,0,37.5070321,127.0891471,https://kbland.kr/c/38823
617384,삼성베스트빌(도),송파구,잠실동,20,201606,20.32,36.37,,,0,37.5080417,127.0818614,https://kbland.kr/c/617384
1999,아시아선수촌,송파구,잠실동,1356,198606,124.77,213.36,420000,650000,63,37.5078486,127.0766406,https://kbland.kr/c/1999
2002,우성(4차),송파구,잠실동,555,198309,89.29,127.42,235000,282500,64,37.5026730,127.0829761,https://kbland.kr/c/2002
2001,"우성1,2,3차",송파구,잠실동,1842,198112,86.09,173.63,300000,439000,44,37.5066854,127.0729398,https://kbland.kr/c/2001
2004,잠실(신동아예지움),송파구,잠실동,19,199312,147.60,147.75,157400,157800,0,37.5036623,127.0804192,https://kbland.kr/c/2004
15617,잠실엘스,송파구,잠실동,5678,200809,84.75,149.88,290000,425000,1106,37.5133484,127.0815559,https://kbland.kr/c/15617
2000,잠실주공(5단지),송파구,잠실동,3930,197804,112.39,119.00,405000,440000,336,37.5157054,127.0939023,https://kbland.kr/c/2000
379070,잠실파크(도).,송파구,잠실동,20,201611,24.02,34.99,,,0,37.5078463,127.083344,https://kbland.kr/c/379070
14988,트리지움,송파구,잠실동,3696,200708,84.70,180.31,283500,404000,708,37.5098122,127.088394,https://kbland.kr/c/14988
50058,파로스타워(도).,송파구,잠실동,27,202006,23.12,27.61,,,0,37.5053519,127.078853,https://kbland.kr/c/50058
47661,한울타리,송파구,잠실동,16,201707,34.78,49.76,,,0,37.5025617,127.0859101,https://kbland.kr/c/47661
2003,현대,송파구,잠실동,336,199008,86.91,102.37,169000,193000,9,37.5040246,127.0853120,https://kbland.kr/c/2003
25766,송파더센트레,송파구,장지동,1139,201312,73.93,85.63,150000,176000,188,37.4794304,127.1399056,https://kbland.kr/c/25766
28759,송파와이즈더샵,송파구,장지동,390,201603,126.68,154.56,217500,227500,33,37.4765255,127.1434358,https://kbland.kr/c/28759
15041,송파파인타운10단지,송파구,장지동,545,200708,82.14,82.83,167500,167500,52,37.4771790,127.1302308,https://kbland.kr/c/15041
15042,송파파인타운11단지,송파구,장지동,333,200708,109.81,109.81,176000,176000,33,37.4800795,127.1337813,https://kbland.kr/c/15042
23558,송파파인타운12단지,송파구,장지동,149,201101,112.41,113.26,190000,190000,28,37.4785814,127.1322383,https://kbland.kr/c/23558
23559,송파파인타운13단지,송파구,장지동,197,201101,113.95,114.79,185000,185000,17,37.4770846,127.1284229,https://kbland.kr/c/23559
22402,송파파인타운1단지,송파구,장지동,221,200912,106.04,106.64,163500,171000,35,37.4868893,127.1347091,https://kbland.kr/c/22402
15738,송파파인타운2단지,송파구,장지동,374,200810,113.98,114.58,169500,169500,58,37.4836538,127.1309359,https://kbland.kr/c/15738
15663,송파파인타운3단지,송파구,장지동,625,200808,104.77,105.00,177500,177500,177,37.4836772,127.1328918,https://kbland.kr/c/15663
15449,송파파인타운4단지,송파구,장지동,181,200804,108.87,109.47,175000,177500,24,37.4817528,127.1297481,https://kbland.kr/c/15449
15699,송파파인타운5단지,송파구,장지동,455,200809,109.81,110.04,191500,192500,84,37.4800964,127.1299595,https://kbland.kr/c/15699
15700,송파파인타운6단지,송파구,장지동,564,200808,105.23,105.95,177500,181500,73,37.4806185,127.1323392,https://kbland.kr/c/15700
15308,송파파인타운7단지,송파구,장지동,537,200801,114.70,115.19,184000,185000,43,37.4791577,127.1309654,https://kbland.kr/c/15308
15813,송파파인타운8단지,송파구,장지동,700,200810,83.44,83.77,170000,170000,28,37.4794097,127.1284750,https://kbland.kr/c/15813
15309,송파파인타운9단지,송파구,장지동,796,200801,83.75,85.20,170000,170000,13,37.4783124,127.1287478,https://kbland.kr/c/15309
25769,위례24단지(꿈에그린),송파구,장지동,1810,201312,70.87,116.33,160000,212500,349,37.4762548,127.1393767,https://kbland.kr/c/25769
28686,위례2차아이파크,송파구,장지동,495,201605,118.58,149.54,217500,240000,179,37.4800746,127.1437393,https://kbland.kr/c/28686
26826,위례신도시송파푸르지오,송파구,장지동,549,201501,138.04,146.65,215000,220000,56,37.4810582,127.1407124,https://kbland.kr/c/26826
28489,위례아이파크,송파구,장지동,400,201511,115.07,175.68,207500,240000,93,37.476494,127.1422237,https://kbland.kr/c/28489
29924,위례중앙푸르지오1단지,송파구,장지동,163,201701,110.94,259.91,197000,229000,123,37.4748742,127.1415859,https://kbland.kr/c/29924
28832,힐스테이트송파위례,송파구,장지동,490,201607,130.32,195.25,215000,222500,257,37.4797214,127.1426731,https://kbland.kr/c/28832
21867,KNP상상,송파구,풍납동,49,200809,102.97,133.67,78800,100700,2,37.5339234,127.1151233,https://kbland.kr/c/21867
1874,갑을,송파구,풍납동,85,199607,78.18,143.40,87500,97500,26,37.53518000,127.11258000,https://kbland.kr/c/1874
1868,극동,송파구,풍납동,415,198712,81.74,96.95,137500,166000,26,37.5267963,127.1163615,https://kbland.kr/c/1868
25535,금강캐스빌,송파구,풍납동,43,201011,100.40,139.84,73500,98000,3,37.5357445,127.1188697,https://kbland.kr/c/25535
1881,대동,송파구,풍납동,93,199901,84.79,106.69,81500,90000,6,37.5352981,127.1170080,https://kbland.kr/c/1881
1875,대아,송파구,풍납동,140,199803,80.07,152.40,83500,102500,36,37.5336240,127.1184647,https://kbland.kr/c/1875
1869,동아한가람,송파구,풍납동,782,199412,74.45,105.82,116500,149000,45,37.5373392,127.1152413,https://kbland.kr/c/1869
498004,드림스페이스Ⅱ(도시형),송파구,풍납동,92,201401,22.68,74.91,,,0,37.5282224,127.1155313,https://kbland.kr/c/498004
21671,미랜드퀸,송파구,풍납동,40,200803,98.97,99.65,78000,82900,2,37.5325084,127.1150834,https://kbland.kr/c/21671
1870,미성맨션,송파구,풍납동,275,198506,86.93,139.91,148000,171500,19,37.5343638,127.1137829,https://kbland.kr/c/1870
15270,송파앤스위트,송파구,풍납동,22,200512,90.32,102.71,63300,69900,1,37.5322086,127.1147475,https://kbland.kr/c/15270
15888,송파해모로,송파구,풍납동,114,200606,75.61,146.93,115000,173000,4,37.5300379,127.1172736,https://kbland.kr/c/15888
13925,송파현대힐스테이트,송파구,풍납동,166,200602,79.39,148.81,130000,159500,16,37.5311734,127.1185048,https://kbland.kr/c/13925
42750,스타아트빌,송파구,풍납동,12,201512,52.19,58.54,,,0,37.5383533,127.1171061,https://kbland.kr/c/42750
1871,신동아,송파구,풍납동,135,199312,80.76,101.24,75000,100000,15,37.5335576,127.1144148,https://kbland.kr/c/1871
1866,신성노바빌,송파구,풍납동,236,200009,83.73,142.00,118500,150000,20,37.5387824,127.1166387,https://kbland.kr/c/1866
1880,신아,송파구,풍납동,19,199709,143.49,144.19,86400,93800,0,37.5313440,127.1124044,https://kbland.kr/c/1880
1872,쌍용,송파구,풍납동,417,199407,106.15,106.24,163500,163500,7,37.5272386,127.1176686,https://kbland.kr/c/1872
1864,씨티극동,송파구,풍납동,442,199805,77.45,253.39,120000,185000,28,37.5399398,127.1183903,https://kbland.kr/c/1864
1879,연지토성,송파구,풍납동,49,200007,72.68,128.25,68600,87400,1,37.5279004,127.1170047,https://kbland.kr/c/1879
1682501,올림픽레아,송파구,풍납동,49,202412,43.05,82.38,,,2,37.5290678,127.1174415,https://kbland.kr/c/1682501
1882,유천파크맨션,송파구,풍납동,114,198305,64.24,100.12,,,0,37.5364542,127.1198005,https://kbland.kr/c/1882
1095431,이트리움송파.,송파구,풍납동,29,202405,69.05,110.29,,,6,37.5327328,127.1143054,https://kbland.kr/c/1095431
35176,잠실올림픽공원아이파크,송파구,풍납동,697,201911,75.04,144.99,165000,255000,89,37.5259033,127.1147111,https://kbland.kr/c/35176
440770,정원드림스페이스(도시형),송파구,풍납동,80,201102,18.91,26.57,,,0,37.5285253,127.1158293,https://kbland.kr/c/440770
28469,칼라.,송파구,풍납동,20,199801,71.77,101.51,49100,73500,0,37.5276923,127.1156834,https://kbland.kr/c/28469
500735,풍납휴먼빌(도),송파구,풍납동,18,201910,35.43,38.14,,,0,37.5330576,127.1161963,https://kbland.kr/c/500735
1865,한강극동,송파구,풍납동,895,199507,79.85,138.86,150000,190000,77,37.5296914,127.1123327,https://kbland.kr/c/1865
1867,현대(강변),송파구,풍납동,104,199110,98.07,98.07,107500,107500,3,37.5342667,127.1116456,https://kbland.kr/c/1867
1876,현대(토성),송파구,풍납동,132,198607,65.83,76.68,76000,81500,6,37.5325534,127.1162709,https://kbland.kr/c/1876
1873,현대(풍납),송파구,풍납동,708,199511,88.59,102.85,149000,178500,5,37.5295262,127.1187279,https://kbland.kr/c/1873
340684,현대뉴그린(도),송파구,풍납동,10,201605,30.22,50.77,,,0,37.5312293,127.1138764,https://kbland.kr/c/340684
1877,현대리버빌(1지구),송파구,풍납동,557,199911,58.83,223.83,109000,192500,82,37.5306199,127.1155809,https://kbland.kr/c/1877
1878,현대리버빌(2지구),송파구,풍납동,384,199912,60.18,141.74,75500,150000,56,37.5322492,127.1165687,https://kbland.kr/c/1878
